mabni_id,surface_vocalized,surface_bare,surface_kind,lexical_class,lexical_family,source_file,source_record_id,blocks_root_path,contract_state,estimated_form,attachment_type,notes,evidence_mode,derived_from
ANA,أَنَا,أنا,OVERT,DETACHED_PRONOUN,DETACHED_PRONOUN_SERIES,pronouns_classification.json,43,True,NONE,,,,DIRECT,
NAHNU,نَحْنُ,نحن,OVERT,DETACHED_PRONOUN,DETACHED_PRONOUN_SERIES,pronouns_classification.json,44,True,NONE,,,,DIRECT,
ANTA,أَنْتَ,أنت,OVERT,DETACHED_PRONOUN,DETACHED_PRONOUN_SERIES,pronouns_classification.json,45,True,NONE,,,source error: pronoun_form field shows نَحْنُ instead of أَنْتَ (id=45),DIRECT,
ANTI,أَنْتِ,أنت,OVERT,DETACHED_PRONOUN,DETACHED_PRONOUN_SERIES,pronouns_classification.json,46,True,NONE,,,,DIRECT,
ANTUMA,أَنْتُمَا,أنتما,OVERT,DETACHED_PRONOUN,DETACHED_PRONOUN_SERIES,pronouns_classification.json,47,True,NONE,,,,DIRECT,
ANTUM,أَنْتُمْ,أنتم,OVERT,DETACHED_PRONOUN,DETACHED_PRONOUN_SERIES,pronouns_classification.json,48,True,NONE,,,,DIRECT,
ANTUNNA,أَنْتُنَّ,أنتن,OVERT,DETACHED_PRONOUN,DETACHED_PRONOUN_SERIES,pronouns_classification.json,49,True,NONE,,,,DIRECT,
HUWA,هُوَ,هو,OVERT,DETACHED_PRONOUN,DETACHED_PRONOUN_SERIES,pronouns_classification.json,50,True,NONE,,,,DIRECT,
HIYA,هِيَ,هي,OVERT,DETACHED_PRONOUN,DETACHED_PRONOUN_SERIES,pronouns_classification.json,51,True,NONE,,,,DIRECT,
HUMA,هُمَا,هما,OVERT,DETACHED_PRONOUN,DETACHED_PRONOUN_SERIES,pronouns_classification.json,52,True,NONE,,,,DIRECT,
HUM,هُمْ,هم,OVERT,DETACHED_PRONOUN,DETACHED_PRONOUN_SERIES,pronouns_classification.json,53,True,NONE,,,,DIRECT,
HUNNA,هُنَّ,هن,OVERT,DETACHED_PRONOUN,DETACHED_PRONOUN_SERIES,pronouns_classification.json,54,True,NONE,,,,DIRECT,
IYYAYA,إِيَّايَ,إياي,OVERT,DETACHED_PRONOUN,DETACHED_PRONOUN_SERIES,pronouns_classification.json,55,True,NONE,,,source has double shadda إِيَّايَّ — normalised to إِيَّايَ,DIRECT,
IYYAANA,إِيَّانَا,إيانا,OVERT,DETACHED_PRONOUN,DETACHED_PRONOUN_SERIES,pronouns_classification.json,56,True,NONE,,,,DIRECT,
IYYAKA,إِيَّاكَ,إياك,OVERT,DETACHED_PRONOUN,DETACHED_PRONOUN_SERIES,pronouns_classification.json,57,True,NONE,,,,DIRECT,
IYYAKI,إِيَّاكِ,إياك,OVERT,DETACHED_PRONOUN,DETACHED_PRONOUN_SERIES,pronouns_classification.json,58,True,NONE,,,,DIRECT,
IYYAKUMA,إِيَّاكُمَا,إياكما,OVERT,DETACHED_PRONOUN,DETACHED_PRONOUN_SERIES,pronouns_classification.json,59,True,NONE,,,,DIRECT,
IYYAKUM,إِيَّاكُمْ,إياكم,OVERT,DETACHED_PRONOUN,DETACHED_PRONOUN_SERIES,pronouns_classification.json,60,True,NONE,,,,DIRECT,
IYYAKUNNA,إِيَّاكُنَّ,إياكن,OVERT,DETACHED_PRONOUN,DETACHED_PRONOUN_SERIES,pronouns_classification.json,61,True,NONE,,,,DIRECT,
IYYAHU,إِيَّاهُ,إياه,OVERT,DETACHED_PRONOUN,DETACHED_PRONOUN_SERIES,pronouns_classification.json,62,True,NONE,,,,DIRECT,
IYYAHA,إِيَّاهَا,إياها,OVERT,DETACHED_PRONOUN,DETACHED_PRONOUN_SERIES,pronouns_classification.json,63,True,NONE,,,,DIRECT,
IYYAHUMA,إِيَّاهُمَا,إياهما,OVERT,DETACHED_PRONOUN,DETACHED_PRONOUN_SERIES,pronouns_classification.json,64,True,NONE,,,,DIRECT,
IYYAHUNNA,إِيَّاهُنَّ,إياهن,OVERT,DETACHED_PRONOUN,DETACHED_PRONOUN_SERIES,pronouns_classification.json,65,True,NONE,,,,DIRECT,
ATTACHED_PRONOUN_TAU,تُ,ت,ATTACHED,ATTACHED_PRONOUN,ATTACHED_PRONOUN_SERIES,pronouns_classification.json,66,False,NONE,,SUFFIX,multi-form: تُ تَ تِ; representative form تُ,DIRECT,
ATTACHED_PRONOUN_WAW_AL_JAMAA,وا,وا,ATTACHED,ATTACHED_PRONOUN,ATTACHED_PRONOUN_SERIES,pronouns_classification.json,67,False,NONE,,SUFFIX,,DIRECT,
ATTACHED_PRONOUN_ALIF_AL_ITHNAYN,ا,ا,ATTACHED,ATTACHED_PRONOUN,ATTACHED_PRONOUN_SERIES,pronouns_classification.json,68,False,NONE,,SUFFIX,,DIRECT,
ATTACHED_PRONOUN_NUN_AL_NISWA,نَ,ن,ATTACHED,ATTACHED_PRONOUN,ATTACHED_PRONOUN_SERIES,pronouns_classification.json,69,False,NONE,,SUFFIX,,DIRECT,
ATTACHED_PRONOUN_YA_AL_MUKHATABA,ي,ي,ATTACHED,ATTACHED_PRONOUN,ATTACHED_PRONOUN_SERIES,pronouns_classification.json,70,False,NONE,,SUFFIX,,DIRECT,
ATTACHED_PRONOUN_HA,هُ,ه,ATTACHED,ATTACHED_PRONOUN,ATTACHED_PRONOUN_SERIES,pronouns_classification.json,72,False,NONE,,SUFFIX,also serves as مضاف إليه and جر,DIRECT,
ATTACHED_PRONOUN_KAF,كَ,ك,ATTACHED,ATTACHED_PRONOUN,ATTACHED_PRONOUN_SERIES,pronouns_classification.json,73,False,NONE,,SUFFIX,also serves as مضاف إليه and جر,DIRECT,
ATTACHED_PRONOUN_YA_AL_MUTAKALLIM,ي,ي,ATTACHED,ATTACHED_PRONOUN,ATTACHED_PRONOUN_SERIES,pronouns_classification.json,74,False,NONE,,SUFFIX,ياء المتكلم; same glyph as ياء المخاطبة but different role,DIRECT,
ATTACHED_PRONOUN_NA,نَا,نا,ATTACHED,ATTACHED_PRONOUN,ATTACHED_PRONOUN_SERIES,pronouns_classification.json,84,False,NONE,,SUFFIX,مشترك: رفع/نصب/جر,DIRECT,
ATTACHED_PRONOUN_KUM,كُمْ,كم,ATTACHED,ATTACHED_PRONOUN,ATTACHED_PRONOUN_SERIES,pronouns_classification.json,85,False,NONE,,SUFFIX,,DIRECT,
LATENT_PRONOUN_ANA,,,LATENT,LATENT_PRONOUN,LATENT_PRONOUN_SERIES,hidden_pronouns.json,1,False,NONE,أَنَا,,,DIRECT,
LATENT_PRONOUN_ANTA,,,LATENT,LATENT_PRONOUN,LATENT_PRONOUN_SERIES,hidden_pronouns.json,2,False,NONE,أَنْتَ,,,DIRECT,
LATENT_PRONOUN_ANTI,,,LATENT,LATENT_PRONOUN,LATENT_PRONOUN_SERIES,hidden_pronouns.json,3,False,NONE,أَنْتِ,,,DIRECT,
LATENT_PRONOUN_HUWA,,,LATENT,LATENT_PRONOUN,LATENT_PRONOUN_SERIES,hidden_pronouns.json,4,False,NONE,هُوَ,,,DIRECT,
LATENT_PRONOUN_HIYA,,,LATENT,LATENT_PRONOUN,LATENT_PRONOUN_SERIES,hidden_pronouns.json,5,False,NONE,هِيَ,,,DIRECT,
LATENT_PRONOUN_HUM,,,LATENT,LATENT_PRONOUN,LATENT_PRONOUN_SERIES,hidden_pronouns.json,6,False,NONE,هُمْ,,,DIRECT,
LATENT_PRONOUN_HUNNA,,,LATENT,LATENT_PRONOUN,LATENT_PRONOUN_SERIES,hidden_pronouns.json,7,False,NONE,هُنَّ,,,DIRECT,
LATENT_PRONOUN_NAHNU,,,LATENT,LATENT_PRONOUN,LATENT_PRONOUN_SERIES,hidden_pronouns.json,8,False,NONE,نَحْنُ,,,DIRECT,
HADHA,هَذَا,هذا,OVERT,DEMONSTRATIVE,DEMONSTRATIVE_SERIES,demonstrative_pronouns.json,1,True,NONE,,,,DIRECT,
HADHIHI,هَذِهِ,هذه,OVERT,DEMONSTRATIVE,DEMONSTRATIVE_SERIES,demonstrative_pronouns.json,2,True,NONE,,,,DIRECT,
HADHIY,هَذِي,هذي,OVERT,DEMONSTRATIVE,DEMONSTRATIVE_SERIES,demonstrative_pronouns.json,3,True,NONE,,,,DIRECT,
HAHUNA,هَاهُنَا,هاهنا,OVERT,DEMONSTRATIVE,DEMONSTRATIVE_SERIES,demonstrative_pronouns.json,4,True,NONE,,,,DIRECT,
DHAKA,ذَاكَ,ذاك,OVERT,DEMONSTRATIVE,DEMONSTRATIVE_SERIES,demonstrative_pronouns.json,5,True,NONE,,,,DIRECT,
TILKA,تِلْكَ,تلك,OVERT,DEMONSTRATIVE,DEMONSTRATIVE_SERIES,demonstrative_pronouns.json,6,True,NONE,,,,DIRECT,
TIKA,تِيكَ,تيك,OVERT,DEMONSTRATIVE,DEMONSTRATIVE_SERIES,demonstrative_pronouns.json,7,True,NONE,,,,DIRECT,
DHALIKA,ذَلِكَ,ذلك,OVERT,DEMONSTRATIVE,DEMONSTRATIVE_SERIES,demonstrative_pronouns.json,9,True,NONE,,,,DIRECT,
HUNA_ISHARI,هُنَا,هنا,OVERT,DEMONSTRATIVE,DEMONSTRATIVE_SERIES,demonstrative_pronouns.json,11,True,NONE,,,,DIRECT,
HUNALIKA,هُنَالِكَ,هنالك,OVERT,DEMONSTRATIVE,DEMONSTRATIVE_SERIES,demonstrative_pronouns.json,12,True,NONE,,,,DIRECT,
HAAULAI,هَؤُلَاءِ,هؤلاء,OVERT,DEMONSTRATIVE,DEMONSTRATIVE_SERIES,demonstrative_pronouns.json,13,True,NONE,,,,DIRECT,
ULAIKA,أُولَئِكَ,أولئك,OVERT,DEMONSTRATIVE,DEMONSTRATIVE_SERIES,demonstrative_pronouns.json,14,True,NONE,,,,DIRECT,
HUNAKA,هُنَاكَ,هناك,OVERT,DEMONSTRATIVE,DEMONSTRATIVE_SERIES,demonstrative_pronouns.json,28,True,NONE,,,,DIRECT,
AULAI,أُولَاءِ,أولاء,OVERT,DEMONSTRATIVE,DEMONSTRATIVE_SERIES,demonstrative_pronouns.json,30,True,NONE,,,,DIRECT,
DHA,ذَا,ذا,OVERT,DEMONSTRATIVE,DEMONSTRATIVE_SERIES,demonstrative_pronouns.json,33,True,NONE,,,,DIRECT,
ALLADHI,الَّذِي,الذي,OVERT,RELATIVE_PRONOUN,RELATIVE_PRONOUN_SERIES,relative_pronouns.json,1,True,OPEN,,,,DIRECT,
ALLATI,الَّتِي,التي,OVERT,RELATIVE_PRONOUN,RELATIVE_PRONOUN_SERIES,relative_pronouns.json,2,True,OPEN,,,,DIRECT,
MAN_MAWSUL,مَنْ,من,OVERT,RELATIVE_PRONOUN,RELATIVE_PRONOUN_SERIES,relative_pronouns.json,3,True,OPEN,,,,DIRECT,
MA_MAWSUL,مَا,ما,OVERT,RELATIVE_PRONOUN,RELATIVE_PRONOUN_SERIES,relative_pronouns.json,4,True,OPEN,,,,DIRECT,
ALLADHINA,الَّذِينَ,الذين,OVERT,RELATIVE_PRONOUN,RELATIVE_PRONOUN_SERIES,relative_pronouns.json,9,True,OPEN,,,,DIRECT,
ALLALATI,اللَّاتِي,اللاتي,OVERT,RELATIVE_PRONOUN,RELATIVE_PRONOUN_SERIES,relative_pronouns.json,10,True,OPEN,,,,DIRECT,
ALLAIY,اللَّائِي,اللائي,OVERT,RELATIVE_PRONOUN,RELATIVE_PRONOUN_SERIES,relative_pronouns.json,11,True,OPEN,,,,DIRECT,
IN,إِنْ,إن,OVERT,CONDITIONAL_PARTICLE,CONDITIONAL_SERIES,conditional_letters_tools.json,1,True,OPEN,,,,DIRECT,
IDHMA,إِذْمَا,إذما,OVERT,CONDITIONAL_PARTICLE,CONDITIONAL_SERIES,conditional_letters_tools.json,2,True,OPEN,,,,DIRECT,
LAW,لَوْ,لو,OVERT,CONDITIONAL_PARTICLE,CONDITIONAL_SERIES,conditional_letters_tools.json,3,True,OPEN,,,,DIRECT,
LAWLA,لَوْلَا,لولا,OVERT,CONDITIONAL_PARTICLE,CONDITIONAL_SERIES,conditional_letters_tools.json,4,True,OPEN,,,,DIRECT,
LAWMA,لَوْمَا,لوما,OVERT,CONDITIONAL_PARTICLE,CONDITIONAL_SERIES,conditional_letters_tools.json,5,True,OPEN,,,,DIRECT,
AMMA,أَمَّا,أما,OVERT,CONDITIONAL_PARTICLE,CONDITIONAL_SERIES,conditional_letters_tools.json,6,True,OPEN,,,,DIRECT,
AYNA_SHART,أَيْنَ,أين,OVERT,CONDITIONAL_NAME,CONDITIONAL_SERIES,conditional_letters_tools.json,7,True,OPEN,,,,DIRECT,
AYNAMA,أَيْنَمَا,أينما,OVERT,CONDITIONAL_NAME,CONDITIONAL_SERIES,conditional_letters_tools.json,8,True,OPEN,,,,DIRECT,
KAYFAMA,كَيْفَمَا,كيفما,OVERT,CONDITIONAL_NAME,CONDITIONAL_SERIES,conditional_letters_tools.json,9,True,OPEN,,,,DIRECT,
MATA,مَتَى,متى,OVERT,CONDITIONAL_NAME,CONDITIONAL_SERIES,conditional_letters_tools.json,10,True,OPEN,,,,DIRECT,
MATA_MA,مَتَى مَا,متى ما,PHRASE,CONDITIONAL_NAME,CONDITIONAL_SERIES,conditional_letters_tools.json,11,True,OPEN,,,PHRASE_LEXEME,DIRECT,
HAYTHUMA,حَيْثُمَا,حيثما,OVERT,CONDITIONAL_NAME,CONDITIONAL_SERIES,conditional_letters_tools.json,12,True,OPEN,,,,DIRECT,
ANNA_SHART,أَنَّى,أنى,OVERT,CONDITIONAL_NAME,CONDITIONAL_SERIES,conditional_letters_tools.json,13,True,OPEN,,,,DIRECT,
MAHMA,مَهْمَا,مهما,OVERT,CONDITIONAL_NAME,CONDITIONAL_SERIES,conditional_letters_tools.json,14,True,OPEN,,,,DIRECT,
IDHA_SHART,إِذَا,إذا,OVERT,CONDITIONAL_NAME,CONDITIONAL_SERIES,conditional_letters_tools.json,16,True,OPEN,,,,DIRECT,
KULLAMA,كُلَّمَا,كلما,OVERT,CONDITIONAL_NAME,CONDITIONAL_SERIES,conditional_letters_tools.json,17,True,OPEN,,,,DIRECT,
MA_SHART,مَا,ما,OVERT,CONDITIONAL_NAME,CONDITIONAL_SERIES,conditional_letters_tools.json,18,True,OPEN,,,,DIRECT,
LAMMA_COND,لَمَّا,لما,OVERT,CONDITIONAL_NAME,CONDITIONAL_SERIES,conditional_letters_tools.json,19,True,OPEN,,,,DIRECT,
MAN_SHART,مَنْ,من,OVERT,CONDITIONAL_NAME,CONDITIONAL_SERIES,conditional_letters_tools.json,20,True,OPEN,,,,DIRECT,
INNA,إِنَّ,إن,OVERT,COPULATIVE_PARTICLE,COPULATIVE_SERIES,copulative_particle.json,1,True,OPEN,,,,DIRECT,
ANNA,أَنَّ,أن,OVERT,COPULATIVE_PARTICLE,COPULATIVE_SERIES,copulative_particle.json,2,True,OPEN,,,,DIRECT,
KAANNA,كَأَنَّ,كأن,OVERT,COPULATIVE_PARTICLE,COPULATIVE_SERIES,copulative_particle.json,3,True,OPEN,,,,DIRECT,
LAKINNA,لَكِنَّ,لكن,OVERT,COPULATIVE_PARTICLE,COPULATIVE_SERIES,copulative_particle.json,4,True,OPEN,,,,DIRECT,
LAYTA,لَيْتَ,ليت,OVERT,COPULATIVE_PARTICLE,COPULATIVE_SERIES,copulative_particle.json,5,True,OPEN,,,,DIRECT,
LAALLA,لَعَلَّ,لعل,OVERT,COPULATIVE_PARTICLE,COPULATIVE_SERIES,copulative_particle.json,6,True,OPEN,,,,DIRECT,
LA_NAFIYA_LIL_JINS,لَا,لا,OVERT,COPULATIVE_PARTICLE,COPULATIVE_SERIES,copulative_particle.json,7,True,OPEN,,,,DIRECT,
LAM,لَمْ,لم,OVERT,JAZM_PARTICLE,JAZM_SERIES,jazm_tools.json,1,True,OPEN,,,,DIRECT,
LAMMA_JAZM,لَمَّا,لما,OVERT,JAZM_PARTICLE,JAZM_SERIES,jazm_tools.json,2,True,OPEN,,,,DIRECT,
LI_JAZM,لِ,ل,OVERT,JAZM_PARTICLE,JAZM_SERIES,jazm_tools.json,3,True,OPEN,,,,DIRECT,
LA_NAHY,لَا النَّاهِيَة,لا الناهية,OVERT,JAZM_PARTICLE,JAZM_SERIES,jazm_tools.json,4,True,OPEN,,,,DIRECT,
IN_SHART,إِنْ,إن,OVERT,JAZM_PARTICLE,JAZM_SERIES,jazm_tools.json,5,True,OPEN,,,,DIRECT,
IDHMA_JAZM,إِذْمَا,إذما,OVERT,JAZM_PARTICLE,JAZM_SERIES,jazm_tools.json,6,True,OPEN,,,,DIRECT,
MAN_JAZM,مَنْ,من,OVERT,JAZM_NAME,JAZM_SERIES,jazm_tools.json,7,True,OPEN,,,,DIRECT,
MA_JAZM,مَا,ما,OVERT,JAZM_NAME,JAZM_SERIES,jazm_tools.json,8,True,OPEN,,,,DIRECT,
MAHMA_JAZM,مَهْمَا,مهما,OVERT,JAZM_NAME,JAZM_SERIES,jazm_tools.json,9,True,OPEN,,,,DIRECT,
MATA_JAZM,مَتَى,متى,OVERT,JAZM_NAME,JAZM_SERIES,jazm_tools.json,10,True,OPEN,,,,DIRECT,
AYYAANA_JAZM,أَيَّانَ,أيان,OVERT,JAZM_NAME,JAZM_SERIES,jazm_tools.json,11,True,OPEN,,,,DIRECT,
AYNA_JAZM,أَيْنَ,أين,OVERT,JAZM_NAME,JAZM_SERIES,jazm_tools.json,12,True,OPEN,,,,DIRECT,
HAYTHUMA_JAZM,حَيْثُمَا,حيثما,OVERT,JAZM_NAME,JAZM_SERIES,jazm_tools.json,13,True,OPEN,,,,DIRECT,
ANNA_JAZM,أَنَّى,أنى,OVERT,JAZM_NAME,JAZM_SERIES,jazm_tools.json,14,True,OPEN,,,,DIRECT,
IYY_JAZM,أَيُّ,أي,OVERT,JAZM_NAME,JAZM_SERIES,jazm_tools.json,15,True,OPEN,,,,DIRECT,
AYYAMA_JAZM,أَيَّ,أي,OVERT,JAZM_NAME,JAZM_SERIES,jazm_tools.json,16,True,OPEN,,,,DIRECT,
AYNAMA_JAZM,أَيْنَمَا,أينما,OVERT,JAZM_NAME,JAZM_SERIES,jazm_tools.json,19,True,OPEN,,,,DIRECT,
KAYFAMA_JAZM,كَيْفَمَا,كيفما,OVERT,JAZM_NAME,JAZM_SERIES,jazm_tools.json,20,True,OPEN,,,,DIRECT,
WA_ATF,وَ,و,OVERT,COORDINATING_CONJUNCTION,WA_ATF,coordinating_conjunctions.json,1,True,NONE,,,,DIRECT,
FA_ATF,فَ,ف,OVERT,COORDINATING_CONJUNCTION,FA_ATF,coordinating_conjunctions.json,2,True,NONE,,,,DIRECT,
THUMMA_ATF,ثُمَّ,ثم,OVERT,COORDINATING_CONJUNCTION,THUMMA_ATF,coordinating_conjunctions.json,3,True,NONE,,,,DIRECT,
HATTA_ATF,حَتّى,حتى,OVERT,COORDINATING_CONJUNCTION,HATTA_ATF,coordinating_conjunctions.json,4,True,NONE,,,,DIRECT,
AW,أَوْ,أو,OVERT,COORDINATING_CONJUNCTION,AW,coordinating_conjunctions.json,5,True,NONE,,,,DIRECT,
AM,أَمْ,أم,OVERT,COORDINATING_CONJUNCTION,AM,coordinating_conjunctions.json,6,True,NONE,,,,DIRECT,
BAL,بَلْ,بل,OVERT,COORDINATING_CONJUNCTION,BAL,coordinating_conjunctions.json,7,True,NONE,,,,DIRECT,
LAKIN_ATF,لَكِنْ,لكن,OVERT,COORDINATING_CONJUNCTION,LAKIN_ATF,coordinating_conjunctions.json,8,True,NONE,,,,DIRECT,
LA_ATF,لَا,لا,OVERT,COORDINATING_CONJUNCTION,LA_ATF,coordinating_conjunctions.json,9,True,NONE,,,,DIRECT,
IMMA,إِمَّا,إما,OVERT,COORDINATING_CONJUNCTION,IMMA,coordinating_conjunctions.json,19,True,NONE,,,,DIRECT,
HAL,هَلْ,هل,OVERT,INTERROGATIVE_PARTICLE,HAL,interrogative_letters_tools.json,1,True,NONE,,,,DIRECT,
HAMZA_ISTIFHAM,أَ,أ,OVERT,INTERROGATIVE_PARTICLE,HAMZA_ISTIFHAM,interrogative_letters_tools.json,2,True,NONE,,,,DIRECT,
MAN_ISTIFHAM,مَنْ,من,OVERT,INTERROGATIVE_NAME,MAN_ISTIFHAM,interrogative_tools_categories.json,1,True,NONE,,,,DIRECT,
MAN_DHA,مَنْ ذَا,من ذا,PHRASE,INTERROGATIVE_NAME,MAN_DHA,interrogative_tools_categories.json,2,True,NONE,,,,DIRECT,
MA_ISTIFHAM,مَا,ما,OVERT,INTERROGATIVE_NAME,MA_ISTIFHAM,interrogative_tools_categories.json,3,True,NONE,,,,DIRECT,
MADHA,مَاذَا,ماذا,OVERT,INTERROGATIVE_NAME,MADHA,interrogative_tools_categories.json,4,True,NONE,,,,DIRECT,
MATA_ISTIFHAM,مَتَى,متى,OVERT,INTERROGATIVE_NAME,MATA_ISTIFHAM,interrogative_tools_categories.json,5,True,NONE,,,,DIRECT,
AYYAAN_ISTIFHAM,أَيَّانَ,أيان,OVERT,INTERROGATIVE_NAME,AYYAAN_ISTIFHAM,interrogative_tools_categories.json,6,True,NONE,,,,DIRECT,
AYNA_ISTIFHAM,أَيْنَ,أين,OVERT,INTERROGATIVE_NAME,AYNA_ISTIFHAM,interrogative_tools_categories.json,7,True,NONE,,,,DIRECT,
ANNA_ISTIFHAM,أَنَّى,أنى,OVERT,INTERROGATIVE_NAME,ANNA_ISTIFHAM,interrogative_tools_categories.json,8,True,NONE,,,,DIRECT,
KAM_ISTIFHAM2,كَمْ,كم,OVERT,INTERROGATIVE_NAME,KAM_ISTIFHAM2,interrogative_tools_categories.json,9,True,NONE,,,,DIRECT,
KAYFA,كَيْفَ,كيف,OVERT,INTERROGATIVE_NAME,KAYFA,interrogative_tools_categories.json,10,True,NONE,,,,DIRECT,
AYYA_ISTIFHAM,أَيُّ,أي,OVERT,INTERROGATIVE_NAME,AYYA_ISTIFHAM,interrogative_tools_categories.json,11,True,NONE,,,,DIRECT,
NAAM,نَعَمْ,نعم,OVERT,ANSWER_PARTICLE,NAAM,letters_answers.json,1,True,NONE,,,,DIRECT,
BALA,بَلَى,بلى,OVERT,ANSWER_PARTICLE,BALA,letters_answers.json,2,True,NONE,,,,DIRECT,
AJAL,أَجَلْ,أجل,OVERT,ANSWER_PARTICLE,AJAL,letters_answers.json,3,True,NONE,,,,DIRECT,
IN_JAWAB,إِنَّ,إن,OVERT,ANSWER_PARTICLE,IN_JAWAB,letters_answers.json,4,True,NONE,,,answer particle; same surface as copulative إِنَّ but different function,DIRECT,
IY_JAWAB,إِيْ,إي,OVERT,ANSWER_PARTICLE,IY_JAWAB,letters_answers.json,5,True,NONE,,,,DIRECT,
AWA,أَوَى,أوى,OVERT,ANSWER_PARTICLE,AWA,letters_answers.json,6,True,NONE,,,,DIRECT,
AFI,أَفِي,أفي,OVERT,ANSWER_PARTICLE,AFI,letters_answers.json,7,True,NONE,,,,DIRECT,
NAAMMA,نَعَمَّا,نعما,OVERT,ANSWER_PARTICLE,NAAMMA,letters_answers.json,8,True,NONE,,,,DIRECT,
KALLA,كَلَّا,كلا,OVERT,ANSWER_PARTICLE,KALLA,letters_answers.json,9,True,NONE,,,,DIRECT,
BAJAL,بَجَلْ,بجل,OVERT,ANSWER_PARTICLE,BAJAL,letters_answers.json,10,True,NONE,,,,DIRECT,
YA_NIDA,يَا,يا,OVERT,VOCATIVE_PARTICLE,YA_NIDA,vocative_particles.json,1,True,OPEN,,,,DIRECT,
AYYA_NIDA,أَيَا,أيا,OVERT,VOCATIVE_PARTICLE,AYYA_NIDA,vocative_particles.json,2,True,OPEN,,,,DIRECT,
HAYA_NIDA,هَيَا,هيا,OVERT,VOCATIVE_PARTICLE,HAYA_NIDA,vocative_particles.json,3,True,OPEN,,,,DIRECT,
AYI_NIDA,أَيْ,أي,OVERT,VOCATIVE_PARTICLE,AYI_NIDA,vocative_particles.json,4,True,OPEN,,,,DIRECT,
AY_NIDA,آيْ,آي,OVERT,VOCATIVE_PARTICLE,AY_NIDA,vocative_particles.json,5,True,OPEN,,,,DIRECT,
AYYUHA,أَيُّهَا,أيها,OVERT,VOCATIVE_PARTICLE,AYYUHA,vocative_particles.json,6,True,OPEN,,,,DIRECT,
WA_NIDA,وَا,وا,OVERT,VOCATIVE_PARTICLE,WA_NIDA,vocative_particles.json,7,True,OPEN,,,,DIRECT,
AA_NIDA,آ,آ,OVERT,VOCATIVE_PARTICLE,AA_NIDA,vocative_particles.json,8,True,OPEN,,,,DIRECT,
A_NIDA,أَ,أ,OVERT,VOCATIVE_PARTICLE,A_NIDA,vocative_particles.json,9,True,OPEN,,,,DIRECT,
AN,أَنْ,أن,OVERT,NASEB_PARTICLE,AN,present_naseb_tools.json,1,True,OPEN,,,,DIRECT,
LAN,لَنْ,لن,OVERT,NASEB_PARTICLE,LAN,present_naseb_tools.json,2,True,OPEN,,,,DIRECT,
IDHAN,إِذَنْ,إذن,OVERT,NASEB_PARTICLE,IDHAN,present_naseb_tools.json,3,True,OPEN,,,,DIRECT,
KAY_NASB,كَيْ,كي,OVERT,NASEB_PARTICLE,KAY_NASB,present_naseb_tools.json,4,True,OPEN,,,,DIRECT,
LI_NASB,لِ,ل,OVERT,NASEB_PARTICLE,LI_NASB,present_naseb_tools.json,5,True,OPEN,,,,DIRECT,
LI_JUHUD,لِ,ل,OVERT,NASEB_PARTICLE,LI_JUHUD,present_naseb_tools.json,6,True,OPEN,,,,DIRECT,
HATTA_NASB,حَتَّى,حتى,OVERT,NASEB_PARTICLE,HATTA_NASB,present_naseb_tools.json,7,True,OPEN,,,,DIRECT,
FA_SABABIYYA,فَ,ف,OVERT,NASEB_PARTICLE,FA_SABABIYYA,present_naseb_tools.json,8,True,OPEN,,,,DIRECT,
WA_MAIYYA,وَ,و,OVERT,NASEB_PARTICLE,WA_MAIYYA,present_naseb_tools.json,9,True,OPEN,,,,DIRECT,
AW_NASB,أَوْ,أو,OVERT,NASEB_PARTICLE,AW_NASB,present_naseb_tools.json,10,True,OPEN,,,,DIRECT,
BI_PREP,بِ,ب,OVERT,PREPOSITION,BI_PREP,preposition_meanings.json,1,True,NONE,,,,DIRECT,
TA_QASAM,تَ,ت,OVERT,PREPOSITION,TA_QASAM,preposition_meanings.json,11,True,NONE,,,,DIRECT,
WA_QASAM,وَ,و,OVERT,PREPOSITION,WA_QASAM,preposition_meanings.json,12,True,NONE,,,,DIRECT,
KA_PREP,كَ,ك,OVERT,PREPOSITION,KA_PREP,preposition_meanings.json,13,True,NONE,,,,DIRECT,
AN_PREP,عَنْ,عن,OVERT,PREPOSITION,AN_PREP,preposition_meanings.json,16,True,NONE,,,,DIRECT,
FI_PREP,فِي ْ,في ,OVERT,PREPOSITION,FI_PREP,preposition_meanings.json,20,True,NONE,,,,DIRECT,
MUNDHU_PREP,مُنْذُ,منذ,OVERT,PREPOSITION,MUNDHU_PREP,preposition_meanings.json,23,True,NONE,,,compound entry مُذْ وَ مُنْذُ; also MUDH_PREP,DIRECT,
MUDH_PREP,مُذْ,مذ,OVERT,PREPOSITION,MUDH_PREP,preposition_meanings.json,23,True,NONE,,,from compound entry مُذْ وَ مُنْذُ,DIRECT,
LI_PREP,لِ,ل,OVERT,PREPOSITION,LI_PREP,preposition_meanings.json,25,True,NONE,,,,DIRECT,
LA_ISTIGHATHA,لَ,ل,OVERT,PREPOSITION,LA_ISTIGHATHA,preposition_meanings.json,30,True,NONE,,,,DIRECT,
MIN_PREP,مِنَ,من,OVERT,PREPOSITION,MIN_PREP,preposition_meanings.json,32,True,NONE,,,,DIRECT,
ILA_PREP,إِلَى,إلى,OVERT,PREPOSITION,ILA_PREP,preposition_meanings.json,37,True,NONE,,,,DIRECT,
ALA_PREP,عَلَى,على,OVERT,PREPOSITION,ALA_PREP,preposition_meanings.json,42,True,NONE,,,,DIRECT,
KHALA_PREP,خَلَا,خلا,OVERT,PREPOSITION,KHALA_PREP,preposition_meanings.json,50,True,NONE,,,,DIRECT,
KAY_PREP,كَيْ,كي,OVERT,PREPOSITION,KAY_PREP,preposition_meanings.json,51,True,NONE,,,,DIRECT,
MATA_PREP,مَتَى,متى,OVERT,PREPOSITION,MATA_PREP,preposition_meanings.json,53,True,NONE,,,,DIRECT,
LAWLA_PREP,لَوْلَا,لولا,OVERT,PREPOSITION,LAWLA_PREP,preposition_meanings.json,54,True,NONE,,,,DIRECT,
ADAA_PREP,عَدَا,عدا,OVERT,PREPOSITION,ADAA_PREP,preposition_meanings.json,55,True,NONE,,,,DIRECT,
HASHA_PREP,حَاشَا,حاشا,OVERT,PREPOSITION,HASHA_PREP,preposition_meanings.json,56,True,NONE,,,,DIRECT,
HAYTHU,حَيْثُ,حيث,OVERT,ADVERBIAL_MABNI,HAYTHU,built_in_adverbs.json,1,True,NONE,,,,DIRECT,
MUNDHU_ZARF,مُنْذُ,منذ,OVERT,ADVERBIAL_MABNI,MUNDHU_ZARF,built_in_adverbs.json,2,True,NONE,,,,DIRECT,
QATTU,قَطُّ,قط,OVERT,ADVERBIAL_MABNI,QATTU,built_in_adverbs.json,3,True,NONE,,,,DIRECT,
ALAN,الْآنَ,الآن,OVERT,ADVERBIAL_MABNI,ALAN,built_in_adverbs.json,4,True,NONE,,,,DIRECT,
GHADAN,غَدًا,غدا,OVERT,ADVERBIAL_MABNI,GHADAN,built_in_adverbs.json,5,True,NONE,,,,DIRECT,
ALLAYLATA,اللَّيْلَةَ,الليلة,OVERT,ADVERBIAL_MABNI,ALLAYLATA,built_in_adverbs.json,6,True,NONE,,,,DIRECT,
THUMMA_ZARF,ثُمَّ,ثم,OVERT,ADVERBIAL_MABNI,THUMMA_ZARF,built_in_adverbs.json,7,True,NONE,,,ظرف مكان; different from ثُمَّ conjunction,DIRECT,
AYYANNA,أَيَّانَ,أيان,OVERT,ADVERBIAL_MABNI,AYYANNA,built_in_adverbs.json,8,True,NONE,,,,DIRECT,
HUNALIKA_ZARF,هُنَالِكَ,هنالك,OVERT,ADVERBIAL_MABNI,HUNALIKA_ZARF,built_in_adverbs.json,10,True,NONE,,,ظرف; note HUNALIKA also in demonstratives,DIRECT,
THAMM,ثَمَّ,ثم,OVERT,ADVERBIAL_MABNI,THAMM,built_in_adverbs.json,11,True,NONE,,,,DIRECT,
THAMMATA,ثَمَّةَ,ثمة,OVERT,ADVERBIAL_MABNI,THAMMATA,built_in_adverbs.json,12,True,NONE,,,id 12: suspicious Unicode (double diacritics on ث and م in source),DIRECT,
IDH,إِذْ,إذ,OVERT,ADVERBIAL_MABNI,IDH,built_in_adverbs.json,13,True,NONE,,,,DIRECT,
MUDH_ZARF,مُذْ,مذ,OVERT,ADVERBIAL_MABNI,MUDH_ZARF,built_in_adverbs.json,14,True,NONE,,,,DIRECT,
LADA,لَدَى,لدى,OVERT,ADVERBIAL_MABNI,LADA,built_in_adverbs.json,15,True,NONE,,,,DIRECT,
IWADHU,عِوَضُ,عوض,OVERT,ADVERBIAL_MABNI,IWADHU,built_in_adverbs.json,16,True,NONE,,,,DIRECT,
AYNA_ZARF,أَيْنَ,أين,OVERT,ADVERBIAL_MABNI,AYNA_ZARF,built_in_adverbs.json,17,True,NONE,,,,DIRECT,
MATA_ZARF,مَتَى,متى,OVERT,ADVERBIAL_MABNI,MATA_ZARF,built_in_adverbs.json,18,True,NONE,,,,DIRECT,
HUNA,هُنَا,هنا,OVERT,ADVERBIAL_MABNI,HUNA,built_in_adverbs.json,19,True,NONE,,,,DIRECT,
ANNA_ZARF,أَنَّى,أنى,OVERT,ADVERBIAL_MABNI,ANNA_ZARF,built_in_adverbs.json,20,True,NONE,,,,DIRECT,
IDHA_ZARF,إِذَا,إذا,OVERT,ADVERBIAL_MABNI,IDHA_ZARF,built_in_adverbs.json,21,True,NONE,,,,DIRECT,
AAMEEN,آمِينَ,آمين,OVERT,VERB_NAME,AAMEEN,verb_name.json,56,True,NONE,,,,DIRECT,
HAYYA,حَيَّ,حي,OVERT,VERB_NAME,HAYYA,verb_name.json,57,True,NONE,,,,DIRECT,
HAYYA2,هَيَّا,هيا,OVERT,VERB_NAME,HAYYA2,verb_name.json,58,True,NONE,,,,DIRECT,
HIYTA,هِيتَ,هيت,OVERT,VERB_NAME,HIYTA,verb_name.json,59,True,NONE,,,,DIRECT,
HALUMMA_ILA,هَلُمَّ إِلَى,هلم إلى,PHRASE,VERB_NAME,HALUMMA_ILA,verb_name.json,60,True,NONE,,,,DIRECT,
HALUMMA_KADHA,هَلُمَّ كَذَا,هلم كذا,PHRASE,VERB_NAME,HALUMMA_KADHA,verb_name.json,61,True,NONE,,,,DIRECT,
HAOUM,هَاؤُمُ,هاؤم,OVERT,VERB_NAME,HAOUM,verb_name.json,62,True,NONE,,,,DIRECT,
SAH,صَهْ,صه,OVERT,VERB_NAME,SAH,verb_name.json,63,True,NONE,,,,DIRECT,
IYHI,إِيهِ,إيه,OVERT,VERB_NAME,IYHI,verb_name.json,64,True,NONE,,,,DIRECT,
MIH,مِهْ,مه,OVERT,VERB_NAME,MIH,verb_name.json,65,True,NONE,,,,DIRECT,
RUWAYDAKA,رُوَيْدَكَ,رويدك,OVERT,VERB_NAME,RUWAYDAKA,verb_name.json,66,True,NONE,,,,DIRECT,
BALHA,بَلْهَ,بله,OVERT,VERB_NAME,BALHA,verb_name.json,67,True,NONE,,,,DIRECT,
HAKUM,هَاكُمْ,هاكم,OVERT,VERB_NAME,HAKUM,verb_name.json,68,True,NONE,,,,DIRECT,
DUNAK,دُونَكَ,دونك,OVERT,VERB_NAME,DUNAK,verb_name.json,69,True,NONE,,,,DIRECT,
HISSA,حِسَّ,حس,OVERT,VERB_NAME,HISSA,verb_name.json,70,True,NONE,,,,DIRECT,
TIYD,تِيدَ,تيد,OVERT,VERB_NAME,TIYD,verb_name.json,71,True,NONE,,,,DIRECT,
HIYHALA,هِيهَلَا,هيهلا,OVERT,VERB_NAME,HIYHALA,verb_name.json,72,True,NONE,,,,DIRECT,
HUDAYYAKA,حُدَيَّاكَ,حدياك,OVERT,VERB_NAME,HUDAYYAKA,verb_name.json,73,True,NONE,,,,DIRECT,
BAS,بَسْ,بس,OVERT,VERB_NAME,BAS,verb_name.json,74,True,NONE,,,,DIRECT,
ALNAJAA,النَّجَاءَكَ,النجاءك,OVERT,VERB_NAME,ALNAJAA,verb_name.json,75,True,NONE,,,,DIRECT,
IYHA,إِيهَا,إيها,OVERT,VERB_NAME,IYHA,verb_name.json,76,True,NONE,,,,DIRECT,
FIDAA,فِدَاءَ,فداء,OVERT,VERB_NAME,FIDAA,verb_name.json,77,True,NONE,,,,DIRECT,
QADK,قَدْكَ,قدك,OVERT,VERB_NAME,QADK,verb_name.json,78,True,NONE,,,,DIRECT,
KADHAK,كَذَاكَ,كذاك,OVERT,VERB_NAME,KADHAK,verb_name.json,79,True,NONE,,,,DIRECT,
HADADIYK,هَدَادِيكَ,هداديك,OVERT,VERB_NAME,HADADIYK,verb_name.json,80,True,NONE,,,,DIRECT,
LADAYK,لَدَيْكَ,لديك,OVERT,VERB_NAME,LADAYK,verb_name.json,81,True,NONE,,,,DIRECT,
INDAK,عِنْدَكَ,عندك,OVERT,VERB_NAME,INDAK,verb_name.json,82,True,NONE,,,,DIRECT,
WAYHA,وَيْهَا / وَيْهَ,ويها / ويه,PHRASE,VERB_NAME,WAYHA,verb_name.json,83,True,NONE,,,,DIRECT,
WARAAK,وَرَاءَكَ,وراءك,OVERT,VERB_NAME,WARAAK,verb_name.json,84,True,NONE,,,,DIRECT,
ILAYK,إِلَيْكَ,إليك,OVERT,VERB_NAME,ILAYK,verb_name.json,85,True,NONE,,,,DIRECT,
ILAYK_AN,إِلَيْكَ عَن,إليك عن,PHRASE,VERB_NAME,ILAYK_AN,verb_name.json,86,True,NONE,,,,DIRECT,
ILAYY,إِلَيَّ,إلي,OVERT,VERB_NAME,ILAYY,verb_name.json,87,True,NONE,,,,DIRECT,
ALAYK,عَلَيْكَ,عليك,OVERT,VERB_NAME,ALAYK,verb_name.json,88,True,NONE,,,,DIRECT,
MAKANAK,مَكَانَكَ,مكانك,OVERT,VERB_NAME,MAKANAK,verb_name.json,89,True,NONE,,,,DIRECT,
AMAMAK,أَمَامَكَ,أمامك,OVERT,VERB_NAME,AMAMAK,verb_name.json,90,True,NONE,,,,DIRECT,
HADHARI,حَذَارِ,حذار,OVERT,VERB_NAME,HADHARI,verb_name.json,91,True,NONE,,,,DIRECT,
NIZALI,نِزَالِ,نزال,OVERT,VERB_NAME,NIZALI,verb_name.json,92,True,NONE,,,,DIRECT,
HIYHATA,هِيهَاتَ,هيهات,OVERT,VERB_NAME,HIYHATA,verb_name.json,93,True,NONE,,,,DIRECT,
BUTAAN,بُطْآنَ,بطآن,OVERT,VERB_NAME,BUTAAN,verb_name.json,94,True,NONE,,,,DIRECT,
SHATTAN,شَتَّانَ,شتان,OVERT,VERB_NAME,SHATTAN,verb_name.json,95,True,NONE,,,,DIRECT,
SURAAN,سُرْعَانَ,سرعان,OVERT,VERB_NAME,SURAAN,verb_name.json,96,True,NONE,,,,DIRECT,
WASHKAAN,وَشْكَانَ,وشكان,OVERT,VERB_NAME,WASHKAAN,verb_name.json,97,True,NONE,,,,DIRECT,
DUHDURRAYN,دُهْدُرَّيْنَ,دهدرين,OVERT,VERB_NAME,DUHDURRAYN,verb_name.json,98,True,NONE,,,,DIRECT,
QAD_VN,قَدْ,قد,OVERT,VERB_NAME,QAD_VN,verb_name.json,99,True,NONE,,,,DIRECT,
HASBUK,حَسْبُكَ,حسبك,OVERT,VERB_NAME,HASBUK,verb_name.json,100,True,NONE,,,,DIRECT,
BAJLU,بَجْلُ,بجل,OVERT,VERB_NAME,BAJLU,verb_name.json,101,True,NONE,,,,DIRECT,
UFF,أُفٍّ,أف,OVERT,VERB_NAME,UFF,verb_name.json,102,True,NONE,,,,DIRECT,
WAY,وَيْ,وي,OVERT,VERB_NAME,WAY,verb_name.json,103,True,NONE,,,,DIRECT,
WAHA,وَاهًا,واها,OVERT,VERB_NAME,WAHA,verb_name.json,104,True,NONE,,,,DIRECT,
AAH,آهٍ,آه,OVERT,VERB_NAME,AAH,verb_name.json,105,True,NONE,,,,DIRECT,
AWAHU,أَوَاهُ,أواه,OVERT,VERB_NAME,AWAHU,verb_name.json,106,True,NONE,,,,DIRECT,
QATTU_VN,قَطُّ,قط,OVERT,VERB_NAME,QATTU_VN,verb_name.json,107,True,NONE,,,,DIRECT,
BAKH,بَخٍ,بخ,OVERT,VERB_NAME,BAKH,verb_name.json,108,True,NONE,,,,DIRECT,
ZUH,زُهْ,زه,OVERT,VERB_NAME,ZUH,verb_name.json,109,True,NONE,,,,DIRECT,
AKH,أَخْ,أخ,OVERT,VERB_NAME,AKH,verb_name.json,110,True,NONE,,,,DIRECT,
HAKA,هَاكَ,هاك,OVERT,VERB_NAME,HAKA,verb_name.json,111,True,NONE,,,,DIRECT,
QATTUK,قَطُّكَ,قطك,OVERT,VERB_NAME,QATTUK,verb_name.json,112,True,NONE,,,,DIRECT,
KAM_ISTIFHAMIYYA,كَمْ,كم,OVERT,KINAYA_NAME,KAM_ISTIFHAMIYYA,kinaya_names.json,1,True,NONE,,,type: استفهامية,DIRECT,
KAM_KHABARIYYA,كَمْ,كم,OVERT,KINAYA_NAME,KAM_KHABARIYYA,kinaya_names.json,2,True,NONE,,,type: خبرية,DIRECT,
KAAYYIN,كَأَيِّنْ,كأين,OVERT,KINAYA_NAME,KAAYYIN,kinaya_names.json,3,True,NONE,,,type: خبرية,DIRECT,
KAAIN,كَائِنْ,كائن,OVERT,KINAYA_NAME,KAAIN,kinaya_names.json,4,True,NONE,,,type: خبرية,DIRECT,
KAAIYY,كَأَيٍّ,كأي,OVERT,KINAYA_NAME,KAAIYY,kinaya_names.json,5,True,NONE,,,type: كنائي,DIRECT,
KADHDHAK,كَذَا,كذا,OVERT,KINAYA_NAME,KADHDHAK,kinaya_names.json,6,True,NONE,,,type: عدد مبهم,DIRECT,
KAYT,كَيْتَ,كيت,OVERT,KINAYA_NAME,KAYT,kinaya_names.json,7,True,NONE,,,type: كناية عن الجملة,DIRECT,
KAYYIT,ذَيْتَ,ذيت,OVERT,KINAYA_NAME,KAYYIT,kinaya_names.json,8,True,NONE,,,type: كناية عن الجملة,DIRECT,
BIDA,بِضْع,بضع,OVERT,KINAYA_NAME,BIDA,kinaya_names.json,9,True,NONE,,,type: المركبة,DIRECT,
ATTACHED_PRONOUN_HA_FEM,هَا,ها,ATTACHED,ATTACHED_PRONOUN,ATTACHED_PRONOUN_HA_FAMILY,pronouns_classification.json,72,False,NONE,هِيَ,SUFFIX,licensed by example in id=72 (زَارَهَا paradigm) and id=75 (قَلَمُهَا); 3rd fem singular suffix,EXAMPLE,ATTACHED_PRONOUN_HA
ATTACHED_PRONOUN_HI,هِ,ه,ATTACHED,ATTACHED_PRONOUN,ATTACHED_PRONOUN_HA_FAMILY,pronouns_classification.json,78,False,NONE,هُوَ,SUFFIX,after kasra or ya — jar/mudaf-ilayh allomorph of هُ; id=78 licenses jar form,DIRECT,
ATTACHED_PRONOUN_HUM_SUFFIX,هُمْ,هم,ATTACHED,ATTACHED_PRONOUN,ATTACHED_PRONOUN_HA_FAMILY,pronouns_classification.json,53,False,NONE,هُمْ,SUFFIX,3rd masculine plural; id=53 licenses detached form; attached use is paradigmatic extension of هُ,PARADIGM_DERIVED,ATTACHED_PRONOUN_HA
ATTACHED_PRONOUN_HIM,هِمْ,هم,ATTACHED,ATTACHED_PRONOUN,ATTACHED_PRONOUN_HA_FAMILY,pronouns_classification.json,78,False,NONE,هُمْ,SUFFIX,3rd masculine plural after kasra/ya (jar/mudaf-ilayh); paradigmatic extension of هِ,PARADIGM_DERIVED,ATTACHED_PRONOUN_HI
ATTACHED_PRONOUN_HUMA,هُمَا,هما,ATTACHED,ATTACHED_PRONOUN,ATTACHED_PRONOUN_HA_FAMILY,pronouns_classification.json,52,False,NONE,هُمَا,SUFFIX,dual attached pronoun; paradigmatic extension of هُ family; id=52 licenses detached dual,PARADIGM_DERIVED,ATTACHED_PRONOUN_HA
ATTACHED_PRONOUN_HUNNA,هُنَّ,هن,ATTACHED,ATTACHED_PRONOUN,ATTACHED_PRONOUN_HA_FAMILY,pronouns_classification.json,54,False,NONE,هُنَّ,SUFFIX,3rd feminine plural; paradigmatic extension; id=54 licenses detached هُنَّ,PARADIGM_DERIVED,ATTACHED_PRONOUN_HA
ATTACHED_PRONOUN_HINNA,هِنَّ,هن,ATTACHED,ATTACHED_PRONOUN,ATTACHED_PRONOUN_HA_FAMILY,pronouns_classification.json,54,False,NONE,هُنَّ,SUFFIX,3rd feminine plural after kasra/ya; paradigmatic extension of هُنَّ,PARADIGM_DERIVED,ATTACHED_PRONOUN_HI
TANIKA,تَانِكَ,تانك,OVERT,DEMONSTRATIVE,DEMONSTRATIVE_SERIES,demonstrative_pronouns.json,8,True,NONE,,,اسم إشارة مثنى مؤنث بعيد — كاف البُعد جزء من البنية لا لاحقة ضمير,DIRECT,
DHANIKA,ذَانِكَ,ذانك,OVERT,DEMONSTRATIVE,DEMONSTRATIVE_SERIES,demonstrative_pronouns.json,10,True,NONE,,,اسم إشارة مثنى مذكر بعيد — كاف البُعد جزء من البنية لا لاحقة ضمير,DIRECT,
THAMM_KAF,ثَمَّكَ,ثمك,OVERT,ADVERBIAL_MABNI,THAMM,demonstrative_pronouns.json,50,True,NONE,,,ثَمَّ+كاف خطاب — كاف الخطاب لازمة؛ الصورة مدرجة مستقلة في المصدر,DIRECT,THAMM
HAHUNA_KAF,هَاهُنَاكَ,هاهناك,OVERT,DEMONSTRATIVE,DEMONSTRATIVE_SERIES,demonstrative_pronouns.json,51,True,NONE,,,هَاهُنَا+كاف خطاب — كاف الخطاب لازمة؛ الصورة مدرجة مستقلة في المصدر,DIRECT,HAHUNA
