token_index,original_surface,normalized_surface,proclitics,host_surface,enclitics,word_class,word_class_subclass,word_class_verdict,inflection_skipped_reason,root_state,canonical_root,root_candidates,cra_form_family,cra_suffix_stripped,cra_reason_codes,phase4a_residuals,wazn,masdar,derivative_type,number,gender,person,tense_aspect,mood,voice,ambiguity_candidates_json,h11_h15_reached,h11_h15_filled_slots,typed_slot_count,filled_slot_count,unknown_slot_count,not_opened_layers,active_residuals,overall_verdict,has_unresolved_claims,licensed_claims,deferred_claims,taaqol_effective_verdict,taaqol_failure_code,taaqol_reason_codes,claim_key,evaluation_id,pipeline_verdict,error
1,يَا,يَا,,يَا,,HARF,CLOSED_FUNCTION_WORD,WORD_CLASS_ACCEPTED,WORD_CLASS_ACCEPTED,UNKNOWN,,,,,,,,,,,,,,,,[],False,,23,5,13,RADICAL; PATTERN; BAB; MASDAR; DERIVATIVE; MORPHOSYNTAX; PARADIGM,,COMPOSITE,True,ORIGINAL_SURFACE NORMALIZED_SURFACE SEGMENT_HOST PATH_DIRECTIVE_SLOT WORD_CLASS_SLOT,RADICAL_R1 RADICAL_R2 RADICAL_R3 RADICAL_R4 PATTERN_CANDIDATE_SET BAB_CANDIDATE_SET MASDAR_CANDIDATE_SET DERIVATIVE_CANDIDATE_SET NUMBER_SLOT GENDER_SLOT DEFINITENESS_SLOT LEMMA_SLOT PARADIGM_SLOT,DEFERRED,,GATE_REQUIRED,d10ca5e6156927076b6ce94edb23026ead0a9846bf04167fbba5fb4bea0af5cb,200e3e42cdbc2dc0,ACCEPT,
2,أَيُّهَا,ءَيْيُهَا,,أَيُّهَا,,HARF,CLOSED_FUNCTION_WORD,WORD_CLASS_ACCEPTED,WORD_CLASS_ACCEPTED,UNKNOWN,,,,,,,,,,,,,,,,[],False,,23,5,13,RADICAL; PATTERN; BAB; MASDAR; DERIVATIVE; MORPHOSYNTAX; PARADIGM,,COMPOSITE,True,ORIGINAL_SURFACE NORMALIZED_SURFACE SEGMENT_HOST PATH_DIRECTIVE_SLOT WORD_CLASS_SLOT,RADICAL_R1 RADICAL_R2 RADICAL_R3 RADICAL_R4 PATTERN_CANDIDATE_SET BAB_CANDIDATE_SET MASDAR_CANDIDATE_SET DERIVATIVE_CANDIDATE_SET NUMBER_SLOT GENDER_SLOT DEFINITENESS_SLOT LEMMA_SLOT PARADIGM_SLOT,DEFERRED,,GATE_REQUIRED,09c4f175e0e657f2df2ea51285bb9e4ad10f6965de0070052fe8df7767999b35,635ba034cce7e107,ACCEPT,
3,الَّذِينَ,ءَلْلَذِينَ,,الَّذِينَ,,ISM,RELATIVE,WORD_CLASS_ACCEPTED,WORD_CLASS_ACCEPTED,UNKNOWN,,,,,,,,,,,,,,,,[],False,,23,5,13,RADICAL; PATTERN; BAB; MASDAR; DERIVATIVE; MORPHOSYNTAX; PARADIGM,,COMPOSITE,True,ORIGINAL_SURFACE NORMALIZED_SURFACE SEGMENT_HOST PATH_DIRECTIVE_SLOT WORD_CLASS_SLOT,RADICAL_R1 RADICAL_R2 RADICAL_R3 RADICAL_R4 PATTERN_CANDIDATE_SET BAB_CANDIDATE_SET MASDAR_CANDIDATE_SET DERIVATIVE_CANDIDATE_SET NUMBER_SLOT GENDER_SLOT DEFINITENESS_SLOT LEMMA_SLOT PARADIGM_SLOT,DEFERRED,,GATE_REQUIRED,d4baa4e5f1a8a7dbcfaff569cb313cc7a2e517edcf2eeeb4bd080d5edd53c191,d7ef7c3887cc4274,ACCEPT,
4,آمَنُوا,ءَامَنُوا,,ءَمَنُوا,,FI3L,VERBAL_PAST,WORD_CLASS_ACCEPTED,,KNOWN,ءمن,,FORM_IV,وا,AUGMENTED_ROOT_ACCEPTED,,FA3ALA,مُفَاعَلَة,,PL,M,3,PAST,NOT_APPLICABLE,ACTIVE,[],True,NUMBER_SLOT GENDER_SLOT,23,11,6,BAB; MASDAR; DERIVATIVE; PARADIGM,transitivity_unknown; root_class_unknown,COMPOSITE,True,ORIGINAL_SURFACE NORMALIZED_SURFACE SEGMENT_HOST PATH_DIRECTIVE_SLOT WORD_CLASS_SLOT RADICAL_R1 RADICAL_R2 RADICAL_R3 PATTERN_CANDIDATE_SET NUMBER_SLOT GENDER_SLOT,BAB_CANDIDATE_SET MASDAR_CANDIDATE_SET DERIVATIVE_CANDIDATE_SET DEFINITENESS_SLOT LEMMA_SLOT PARADIGM_SLOT,LICENSED,,,07eac8326244a221184963c830d8800ba84b1ddeca906df37dd6a83753cbefa6,0f49518384d5ad96,ACCEPT,
5,إِذَا,ءِذَا,,إِذَا,,HARF,CLOSED_FUNCTION_WORD,WORD_CLASS_ACCEPTED,WORD_CLASS_ACCEPTED,UNKNOWN,,,,,,,,,,,,,,,,[],False,,23,5,13,RADICAL; PATTERN; BAB; MASDAR; DERIVATIVE; MORPHOSYNTAX; PARADIGM,,COMPOSITE,True,ORIGINAL_SURFACE NORMALIZED_SURFACE SEGMENT_HOST PATH_DIRECTIVE_SLOT WORD_CLASS_SLOT,RADICAL_R1 RADICAL_R2 RADICAL_R3 RADICAL_R4 PATTERN_CANDIDATE_SET BAB_CANDIDATE_SET MASDAR_CANDIDATE_SET DERIVATIVE_CANDIDATE_SET NUMBER_SLOT GENDER_SLOT DEFINITENESS_SLOT LEMMA_SLOT PARADIGM_SLOT,DEFERRED,,GATE_REQUIRED,8f3382051a4500e0260ca23a1ee1bd134606c2992baf1b3f76055e233a069f7d,eb1f41bf093d37a3,ACCEPT,
6,تَدَايَنْتُمْ,تَدَايَنْتُمْ,,تَدَايَنْتُمْ,,FI3L,VERBAL_PAST,WORD_CLASS_ACCEPTED,,DEFERRED,,,FORM_VI,تُمْ,WEAK_RADICAL_IN_AUGMENTED_ROOT:DEFER,defer:root:non_standard_consonant_count; defer:root:augmented_form_beyond_scope; defer:wazn:no_hypothesis_built,تَفَاعَلَ,,,PL,M,2,PAST,NOT_APPLICABLE,ACTIVE,[],True,NUMBER_SLOT GENDER_SLOT,23,7,11,RADICAL; PATTERN; BAB; MASDAR; DERIVATIVE; PARADIGM,defer:root:non_standard_consonant_count; defer:root:augmented_form_beyond_scope; defer:wazn:no_hypothesis_built,COMPOSITE,True,ORIGINAL_SURFACE NORMALIZED_SURFACE SEGMENT_HOST PATH_DIRECTIVE_SLOT WORD_CLASS_SLOT NUMBER_SLOT GENDER_SLOT,RADICAL_R1 RADICAL_R2 RADICAL_R3 RADICAL_R4 PATTERN_CANDIDATE_SET BAB_CANDIDATE_SET MASDAR_CANDIDATE_SET DERIVATIVE_CANDIDATE_SET DEFINITENESS_SLOT LEMMA_SLOT PARADIGM_SLOT,LICENSED,,,b98faa721beae20aa0545a00097fcfdd26560fedb11a027af4593b10fbec8100,354e6672fe4eb76d,ACCEPT,
7,بِدَيْنٍ,بِدَيْنٍ,بِ,دَيْنٍ,,ISM,LEXICAL_NOUN,WORD_CLASS_ACCEPTED,WORD_CLASS_ACCEPTED,KNOWN,دين,,FORM_I,,TRILATERAL_ROOT_ACCEPTED,,FA3L,,,,,,,,,[],False,,23,10,8,BAB; MASDAR; DERIVATIVE; MORPHOSYNTAX; PARADIGM,defer:bab:nominal_morphology_path; non_verbal_wazn,COMPOSITE,True,ORIGINAL_SURFACE NORMALIZED_SURFACE PROCLITIC_SLOTS SEGMENT_HOST PATH_DIRECTIVE_SLOT WORD_CLASS_SLOT RADICAL_R1 RADICAL_R2 RADICAL_R3 PATTERN_CANDIDATE_SET,BAB_CANDIDATE_SET MASDAR_CANDIDATE_SET DERIVATIVE_CANDIDATE_SET NUMBER_SLOT GENDER_SLOT DEFINITENESS_SLOT LEMMA_SLOT PARADIGM_SLOT,LICENSED,,,f27c6e112799edd45d813d1893eea62540e67959f39f342e74dba6cc71566837,55e91e9c8f6f25a4,ACCEPT,
8,إِلَى,ءِلَى,,إِلَى,,HARF,CLOSED_FUNCTION_WORD,WORD_CLASS_ACCEPTED,WORD_CLASS_ACCEPTED,UNKNOWN,,,,,,,,,,,,,,,,[],False,,23,5,13,RADICAL; PATTERN; BAB; MASDAR; DERIVATIVE; MORPHOSYNTAX; PARADIGM,,COMPOSITE,True,ORIGINAL_SURFACE NORMALIZED_SURFACE SEGMENT_HOST PATH_DIRECTIVE_SLOT WORD_CLASS_SLOT,RADICAL_R1 RADICAL_R2 RADICAL_R3 RADICAL_R4 PATTERN_CANDIDATE_SET BAB_CANDIDATE_SET MASDAR_CANDIDATE_SET DERIVATIVE_CANDIDATE_SET NUMBER_SLOT GENDER_SLOT DEFINITENESS_SLOT LEMMA_SLOT PARADIGM_SLOT,DEFERRED,,GATE_REQUIRED,5a52c777433de4bb0e45dfa39a906658f8e587c0523bd08960b048e20db90362,f641b545e1a76993,ACCEPT,
9,أَجَلٍ,ءَجَلٍ,,أَجَلٍ,,ISM,LEXICAL_NOUN,WORD_CLASS_ACCEPTED,WORD_CLASS_ACCEPTED,KNOWN,ءجل,,FORM_I,,TRILATERAL_ROOT_ACCEPTED,,FA_A_LA,,,,,,,,,[],False,,23,9,8,BAB; MASDAR; DERIVATIVE; MORPHOSYNTAX; PARADIGM,defer:bab:nominal_morphology_path; sami3i_required; transitivity_unknown; root_class_unknown,COMPOSITE,True,ORIGINAL_SURFACE NORMALIZED_SURFACE SEGMENT_HOST PATH_DIRECTIVE_SLOT WORD_CLASS_SLOT RADICAL_R1 RADICAL_R2 RADICAL_R3 PATTERN_CANDIDATE_SET,BAB_CANDIDATE_SET MASDAR_CANDIDATE_SET DERIVATIVE_CANDIDATE_SET NUMBER_SLOT GENDER_SLOT DEFINITENESS_SLOT LEMMA_SLOT PARADIGM_SLOT,LICENSED,,,2814910a429b5b88e5e307917435074a5e180c6ceef0adc7e89ad58bf7fc1b1e,6c84a074d731a9df,ACCEPT,
10,مُسَمًّى,مُسَمْمًى,,مُسَمًّى,,ISM,LEXICAL_NOUN,WORD_CLASS_ACCEPTED,WORD_CLASS_ACCEPTED,DEFERRED,,,,,defer:root:non_standard_consonant_count,defer:root:non_standard_consonant_count; residual:mim:root_extraction_failed; defer:relicensing:proposed_root_extraction_incomplete; defer:root:augmented_form_beyond_scope; defer:wazn:relicensing_did_not_accept,,,,,,,,,,[],False,,23,5,13,RADICAL; PATTERN; BAB; MASDAR; DERIVATIVE; MORPHOSYNTAX; PARADIGM,defer:root:non_standard_consonant_count; residual:mim:root_extraction_failed; defer:relicensing:proposed_root_extraction_incomplete; defer:root:augmented_form_beyond_scope; defer:wazn:relicensing_did_not_accept,COMPOSITE,True,ORIGINAL_SURFACE NORMALIZED_SURFACE SEGMENT_HOST PATH_DIRECTIVE_SLOT WORD_CLASS_SLOT,RADICAL_R1 RADICAL_R2 RADICAL_R3 RADICAL_R4 PATTERN_CANDIDATE_SET BAB_CANDIDATE_SET MASDAR_CANDIDATE_SET DERIVATIVE_CANDIDATE_SET NUMBER_SLOT GENDER_SLOT DEFINITENESS_SLOT LEMMA_SLOT PARADIGM_SLOT,LICENSED,,,60706798afbe958bc816eecf237e187d939f8e8d642b152c2e9cdfd3570b597d,3f20cb210b88edaa,ACCEPT,
11,فَاكْتُبُوهُ,فَاكْتُبُوهُ,فَ,اكْتُبُو,هُ,FI3L,VERBAL_IMPERATIVE,WORD_CLASS_ACCEPTED,,KNOWN,كتب,,FORM_I,و,TRILATERAL_ROOT_ACCEPTED,defer:wazn:unlicensed_but_structural_augment,فَعَلَ,,,PL,M,2,IMPERATIVE,NOT_APPLICABLE,ACTIVE,[],True,NUMBER_SLOT GENDER_SLOT LEMMA_SLOT,23,13,6,PATTERN; BAB; MASDAR; DERIVATIVE,defer:wazn:unlicensed_but_structural_augment,COMPOSITE,True,ORIGINAL_SURFACE NORMALIZED_SURFACE PROCLITIC_SLOTS SEGMENT_HOST ENCLITIC_SLOTS PATH_DIRECTIVE_SLOT WORD_CLASS_SLOT RADICAL_R1 RADICAL_R2 RADICAL_R3 NUMBER_SLOT GENDER_SLOT LEMMA_SLOT,PATTERN_CANDIDATE_SET BAB_CANDIDATE_SET MASDAR_CANDIDATE_SET DERIVATIVE_CANDIDATE_SET DEFINITENESS_SLOT PARADIGM_SLOT,DEFERRED,,REQUIRED_SLOT_EMPTY; gamma:REQUIRED_SLOT_EMPTY,7dab8afa94f412114d8fe479da38592e1ee38cd568da0fa0c630f7c0c84b853c,5ab47d267fcd3f51,DEFER,
12,وَلْيَكْتُبْ,وَلْيَكْتُبْ,وَ لْ,يَكْتُبْ,,FI3L,VERBAL_IMPERFECT,WORD_CLASS_ACCEPTED,,DEFERRED,,,,,defer:root:quadriliteral_beyond_scope,defer:root:non_standard_consonant_count; defer:root:augmented_form_beyond_scope; defer:wazn:no_hypothesis_built,,,,SG,M,3,IMPERFECT,JUSSIVE,ACTIVE,[],True,NUMBER_SLOT GENDER_SLOT,23,8,11,RADICAL; PATTERN; BAB; MASDAR; DERIVATIVE; PARADIGM,defer:root:non_standard_consonant_count; defer:root:augmented_form_beyond_scope; defer:wazn:no_hypothesis_built,COMPOSITE,True,ORIGINAL_SURFACE NORMALIZED_SURFACE PROCLITIC_SLOTS SEGMENT_HOST PATH_DIRECTIVE_SLOT WORD_CLASS_SLOT NUMBER_SLOT GENDER_SLOT,RADICAL_R1 RADICAL_R2 RADICAL_R3 RADICAL_R4 PATTERN_CANDIDATE_SET BAB_CANDIDATE_SET MASDAR_CANDIDATE_SET DERIVATIVE_CANDIDATE_SET DEFINITENESS_SLOT LEMMA_SLOT PARADIGM_SLOT,LICENSED,,,7a61e917263090cd6611530e76c9780e8f60a2bdbba5b6c1ad84867661ba8a9b,f5ba269195a92c87,ACCEPT,
13,بَيْنَكُمْ,بَيْنَكُمْ,,بَيْنَ,كُمْ,ISM,LEXICAL_NOUN,WORD_CLASS_ACCEPTED,WORD_CLASS_ACCEPTED,KNOWN,بين,,FORM_I,,TRILATERAL_ROOT_ACCEPTED,,FA3L,,,,,,,,,[],False,,23,10,8,BAB; MASDAR; DERIVATIVE; MORPHOSYNTAX; PARADIGM,bab:nominal:not_applicable; non_verbal_wazn,COMPOSITE,True,ORIGINAL_SURFACE NORMALIZED_SURFACE SEGMENT_HOST ENCLITIC_SLOTS PATH_DIRECTIVE_SLOT WORD_CLASS_SLOT RADICAL_R1 RADICAL_R2 RADICAL_R3 PATTERN_CANDIDATE_SET,BAB_CANDIDATE_SET MASDAR_CANDIDATE_SET DERIVATIVE_CANDIDATE_SET NUMBER_SLOT GENDER_SLOT DEFINITENESS_SLOT LEMMA_SLOT PARADIGM_SLOT,LICENSED,,,cc6a64f079007d9eada4394014a200bebd480d820a00df0b1e2a9b5822fec5e0,f657f1bce7a9c84d,ACCEPT,
14,كَاتِبٌ,كَاتِبٌ,,كَاتِبٌ,,ISM,LEXICAL_NOUN,WORD_CLASS_ACCEPTED,WORD_CLASS_ACCEPTED,KNOWN,كتب,,FA3IL_PARTICIPLE,,AUGMENTED_ROOT_ACCEPTED,,FA3IL,,,,,,,,,[],False,,23,9,8,BAB; MASDAR; DERIVATIVE; MORPHOSYNTAX; PARADIGM,defer:bab:nominal_morphology_path; no_masdar_candidate; transitivity_unknown; root_class_unknown,COMPOSITE,True,ORIGINAL_SURFACE NORMALIZED_SURFACE SEGMENT_HOST PATH_DIRECTIVE_SLOT WORD_CLASS_SLOT RADICAL_R1 RADICAL_R2 RADICAL_R3 PATTERN_CANDIDATE_SET,BAB_CANDIDATE_SET MASDAR_CANDIDATE_SET DERIVATIVE_CANDIDATE_SET NUMBER_SLOT GENDER_SLOT DEFINITENESS_SLOT LEMMA_SLOT PARADIGM_SLOT,LICENSED,,,bcc4902305a17b22d59bc4a8ba543380e7a828e166edc3e424411ba6e8caebe7,c9db7b743206a476,ACCEPT,
15,بِالْعَدْلِ,بِالْعَدْلِ,بِ,عَدْلِ,,ISM,LEXICAL_NOUN,WORD_CLASS_ACCEPTED,WORD_CLASS_ACCEPTED,KNOWN,عدل,,FORM_I,,TRILATERAL_ROOT_ACCEPTED,,FA3L,,,,,,,,,[],False,,23,10,8,BAB; MASDAR; DERIVATIVE; MORPHOSYNTAX; PARADIGM,defer:bab:nominal_morphology_path; non_verbal_wazn,COMPOSITE,True,ORIGINAL_SURFACE NORMALIZED_SURFACE PROCLITIC_SLOTS SEGMENT_HOST PATH_DIRECTIVE_SLOT WORD_CLASS_SLOT RADICAL_R1 RADICAL_R2 RADICAL_R3 PATTERN_CANDIDATE_SET,BAB_CANDIDATE_SET MASDAR_CANDIDATE_SET DERIVATIVE_CANDIDATE_SET NUMBER_SLOT GENDER_SLOT DEFINITENESS_SLOT LEMMA_SLOT PARADIGM_SLOT,LICENSED,,,ee98f1070b7faf5eb813cf55840544e87ca9a340b4aac3cfe80c2d65171d91bb,823a4b455d3db277,ACCEPT,
16,وَلَا,وَلَا,وَ,لَا,,,,WORD_CLASS_DEFERRED,WORD_CLASS_DEFERRED,UNKNOWN,,,,,,,,,,,,,,,,[],False,,23,5,14,WORD_CLASS; RADICAL; PATTERN; BAB; MASDAR; DERIVATIVE; MORPHOSYNTAX; PARADIGM,,COMPOSITE,True,ORIGINAL_SURFACE NORMALIZED_SURFACE PROCLITIC_SLOTS SEGMENT_HOST PATH_DIRECTIVE_SLOT,WORD_CLASS_SLOT RADICAL_R1 RADICAL_R2 RADICAL_R3 RADICAL_R4 PATTERN_CANDIDATE_SET BAB_CANDIDATE_SET MASDAR_CANDIDATE_SET DERIVATIVE_CANDIDATE_SET NUMBER_SLOT GENDER_SLOT DEFINITENESS_SLOT LEMMA_SLOT PARADIGM_SLOT,DEFERRED,,GATE_REQUIRED,5ed7ea2aa88a18df4b3fca8aa1358fba99a3b8293264c77f4b790b5c9feffc6d,958c3b986c2abf55,ACCEPT,
17,يَأْبَ,يَءْبَ,,يَأْبَ,,FI3L,VERBAL_IMPERFECT,WORD_CLASS_ACCEPTED,,DEFERRED,,,FORM_I_IMPERFECT,,defer:root:two_consonant_form_unresolved,defer:root:assimilated_fa_unresolved; defer:wazn:no_hypothesis_built,,,,SG,M,3,IMPERFECT,JUSSIVE,ACTIVE,[],True,NUMBER_SLOT GENDER_SLOT,23,7,11,RADICAL; PATTERN; BAB; MASDAR; DERIVATIVE; PARADIGM,defer:root:assimilated_fa_unresolved; defer:wazn:no_hypothesis_built,COMPOSITE,True,ORIGINAL_SURFACE NORMALIZED_SURFACE SEGMENT_HOST PATH_DIRECTIVE_SLOT WORD_CLASS_SLOT NUMBER_SLOT GENDER_SLOT,RADICAL_R1 RADICAL_R2 RADICAL_R3 RADICAL_R4 PATTERN_CANDIDATE_SET BAB_CANDIDATE_SET MASDAR_CANDIDATE_SET DERIVATIVE_CANDIDATE_SET DEFINITENESS_SLOT LEMMA_SLOT PARADIGM_SLOT,LICENSED,,,47642ca193d47c3e5b40b6842983fb4a9d5e821e8ce4f0fbd5bf6a8fbbcfcf4f,719b8946dd623dea,ACCEPT,
18,كَاتِبٌ,كَاتِبٌ,,كَاتِبٌ,,ISM,LEXICAL_NOUN,WORD_CLASS_ACCEPTED,WORD_CLASS_ACCEPTED,KNOWN,كتب,,FA3IL_PARTICIPLE,,AUGMENTED_ROOT_ACCEPTED,,FA3IL,,,,,,,,,[],False,,23,9,8,BAB; MASDAR; DERIVATIVE; MORPHOSYNTAX; PARADIGM,defer:bab:nominal_morphology_path; no_masdar_candidate; transitivity_unknown; root_class_unknown,COMPOSITE,True,ORIGINAL_SURFACE NORMALIZED_SURFACE SEGMENT_HOST PATH_DIRECTIVE_SLOT WORD_CLASS_SLOT RADICAL_R1 RADICAL_R2 RADICAL_R3 PATTERN_CANDIDATE_SET,BAB_CANDIDATE_SET MASDAR_CANDIDATE_SET DERIVATIVE_CANDIDATE_SET NUMBER_SLOT GENDER_SLOT DEFINITENESS_SLOT LEMMA_SLOT PARADIGM_SLOT,LICENSED,,,bcc4902305a17b22d59bc4a8ba543380e7a828e166edc3e424411ba6e8caebe7,c4373f61089d9f73,ACCEPT,
19,أَنْ,ءَنْ,,أَنْ,,HARF,CLOSED_FUNCTION_WORD,WORD_CLASS_ACCEPTED,WORD_CLASS_ACCEPTED,UNKNOWN,,,,,,,,,,,,,,,,[],False,,23,5,13,RADICAL; PATTERN; BAB; MASDAR; DERIVATIVE; MORPHOSYNTAX; PARADIGM,,COMPOSITE,True,ORIGINAL_SURFACE NORMALIZED_SURFACE SEGMENT_HOST PATH_DIRECTIVE_SLOT WORD_CLASS_SLOT,RADICAL_R1 RADICAL_R2 RADICAL_R3 RADICAL_R4 PATTERN_CANDIDATE_SET BAB_CANDIDATE_SET MASDAR_CANDIDATE_SET DERIVATIVE_CANDIDATE_SET NUMBER_SLOT GENDER_SLOT DEFINITENESS_SLOT LEMMA_SLOT PARADIGM_SLOT,DEFERRED,,GATE_REQUIRED,5a82bd23d31dbfe327edca02dcd2d68d61e0251a8ed4783f10f3e7b01c4f2864,f5401d6cdc68d766,ACCEPT,
20,يَكْتُبَ,يَكْتُبَ,,يَكْتُبَ,,FI3L,VERBAL_IMPERFECT,WORD_CLASS_ACCEPTED,,KNOWN,كتب,,FORM_I_IMPERFECT,,TRILATERAL_ROOT_ACCEPTED,defer:wazn:unlicensed_but_structural_augment,,,,SG,M,3,IMPERFECT,SUBJUNCTIVE,ACTIVE,[],True,NUMBER_SLOT GENDER_SLOT LEMMA_SLOT,23,11,6,PATTERN; BAB; MASDAR; DERIVATIVE,defer:wazn:unlicensed_but_structural_augment,COMPOSITE,True,ORIGINAL_SURFACE NORMALIZED_SURFACE SEGMENT_HOST PATH_DIRECTIVE_SLOT WORD_CLASS_SLOT RADICAL_R1 RADICAL_R2 RADICAL_R3 NUMBER_SLOT GENDER_SLOT LEMMA_SLOT,PATTERN_CANDIDATE_SET BAB_CANDIDATE_SET MASDAR_CANDIDATE_SET DERIVATIVE_CANDIDATE_SET DEFINITENESS_SLOT PARADIGM_SLOT,LICENSED,,,4f82645c96b03fbf8f7a65593e015414d23bf92b289b64d9f8f6ea0de3630c62,75650d8830056a75,ACCEPT,
21,كَمَا,كَمَا,,كَمَا,,,,WORD_CLASS_DEFERRED,WORD_CLASS_DEFERRED,UNKNOWN,,,,,,,,,,,,,,,,[],False,,23,4,14,WORD_CLASS; RADICAL; PATTERN; BAB; MASDAR; DERIVATIVE; MORPHOSYNTAX; PARADIGM,,COMPOSITE,True,ORIGINAL_SURFACE NORMALIZED_SURFACE SEGMENT_HOST PATH_DIRECTIVE_SLOT,WORD_CLASS_SLOT RADICAL_R1 RADICAL_R2 RADICAL_R3 RADICAL_R4 PATTERN_CANDIDATE_SET BAB_CANDIDATE_SET MASDAR_CANDIDATE_SET DERIVATIVE_CANDIDATE_SET NUMBER_SLOT GENDER_SLOT DEFINITENESS_SLOT LEMMA_SLOT PARADIGM_SLOT,DEFERRED,,GATE_REQUIRED,a7b4366a809a53d97d82c8a37d2fee5356db4bdd30baed8b4a0c36bc1d58b7f3,e75f0580a4b414e3,ACCEPT,
22,عَلَّمَهُ,عَلْلَمَهُ,,عَلَّمَ,هُ,FI3L,VERBAL_PAST,WORD_CLASS_ACCEPTED,,KNOWN,علم,,FORM_II,,AUGMENTED_ROOT_ACCEPTED,,FA33ALA,تَفْعِيل,,SG,M,3,PAST,NOT_APPLICABLE,ACTIVE,[],True,NUMBER_SLOT GENDER_SLOT,23,12,6,BAB; MASDAR; DERIVATIVE; PARADIGM,root_class_unknown,COMPOSITE,True,ORIGINAL_SURFACE NORMALIZED_SURFACE SEGMENT_HOST ENCLITIC_SLOTS PATH_DIRECTIVE_SLOT WORD_CLASS_SLOT RADICAL_R1 RADICAL_R2 RADICAL_R3 PATTERN_CANDIDATE_SET NUMBER_SLOT GENDER_SLOT,BAB_CANDIDATE_SET MASDAR_CANDIDATE_SET DERIVATIVE_CANDIDATE_SET DEFINITENESS_SLOT LEMMA_SLOT PARADIGM_SLOT,LICENSED,,,63ca6806c563ceec4595c904fffa93e9daeb01e4bba1460aeb2d45fdc02e0f73,c6e1929f1846f095,ACCEPT,
23,اللَّهُ,ءَللْلَهُ,,اللَّهُ,,,,,WORD_CLASS_NOT_AVAILABLE,UNKNOWN,,,,,,,,,,,,,,,,[],False,,23,4,14,WORD_CLASS; RADICAL; PATTERN; BAB; MASDAR; DERIVATIVE; MORPHOSYNTAX; PARADIGM,,COMPOSITE,True,ORIGINAL_SURFACE NORMALIZED_SURFACE SEGMENT_HOST PATH_DIRECTIVE_SLOT,WORD_CLASS_SLOT RADICAL_R1 RADICAL_R2 RADICAL_R3 RADICAL_R4 PATTERN_CANDIDATE_SET BAB_CANDIDATE_SET MASDAR_CANDIDATE_SET DERIVATIVE_CANDIDATE_SET NUMBER_SLOT GENDER_SLOT DEFINITENESS_SLOT LEMMA_SLOT PARADIGM_SLOT,DEFERRED,,GATE_REQUIRED,4370643324d4a3626276ca753f8d3c26f509f7e4de2a1eccb153bc1885eb203a,e128223687991d9a,ACCEPT,
24,فَلْيَكْتُبْ,فَلْيَكْتُبْ,فَ لْ,يَكْتُبْ,,FI3L,VERBAL_IMPERFECT,WORD_CLASS_ACCEPTED,,DEFERRED,,,,,defer:root:quadriliteral_beyond_scope,defer:root:non_standard_consonant_count; defer:root:augmented_form_beyond_scope; defer:wazn:no_hypothesis_built,,,,SG,M,3,IMPERFECT,JUSSIVE,ACTIVE,[],True,NUMBER_SLOT GENDER_SLOT,23,8,11,RADICAL; PATTERN; BAB; MASDAR; DERIVATIVE; PARADIGM,defer:root:non_standard_consonant_count; defer:root:augmented_form_beyond_scope; defer:wazn:no_hypothesis_built,COMPOSITE,True,ORIGINAL_SURFACE NORMALIZED_SURFACE PROCLITIC_SLOTS SEGMENT_HOST PATH_DIRECTIVE_SLOT WORD_CLASS_SLOT NUMBER_SLOT GENDER_SLOT,RADICAL_R1 RADICAL_R2 RADICAL_R3 RADICAL_R4 PATTERN_CANDIDATE_SET BAB_CANDIDATE_SET MASDAR_CANDIDATE_SET DERIVATIVE_CANDIDATE_SET DEFINITENESS_SLOT LEMMA_SLOT PARADIGM_SLOT,LICENSED,,,fbf53696946038c1d5e5ee89aeea6dc7f40afd40a8294b24ec9ef275ca98632e,7d10ed8333e7bd99,ACCEPT,
25,وَلْيُمْلِلِ,وَلْيُمْلِلِ,وَ لْ,يُمْلِلِ,,FI3L,VERBAL_IMPERFECT,WORD_CLASS_ACCEPTED,,DEFERRED,,,,,defer:root:quadriliteral_beyond_scope,defer:root:non_standard_consonant_count; defer:root:augmented_form_beyond_scope; defer:wazn:no_hypothesis_built,,,,SG,M,3,IMPERFECT,JUSSIVE,ACTIVE,[],True,NUMBER_SLOT GENDER_SLOT,23,8,11,RADICAL; PATTERN; BAB; MASDAR; DERIVATIVE; PARADIGM,defer:root:non_standard_consonant_count; defer:root:augmented_form_beyond_scope; defer:wazn:no_hypothesis_built,COMPOSITE,True,ORIGINAL_SURFACE NORMALIZED_SURFACE PROCLITIC_SLOTS SEGMENT_HOST PATH_DIRECTIVE_SLOT WORD_CLASS_SLOT NUMBER_SLOT GENDER_SLOT,RADICAL_R1 RADICAL_R2 RADICAL_R3 RADICAL_R4 PATTERN_CANDIDATE_SET BAB_CANDIDATE_SET MASDAR_CANDIDATE_SET DERIVATIVE_CANDIDATE_SET DEFINITENESS_SLOT LEMMA_SLOT PARADIGM_SLOT,LICENSED,,,677b707d267a1a3f9b2721cc76df9c170fa5a58c01a6754ee907bfc45c816b12,7e3e037f3831afc0,ACCEPT,
26,الَّذِي,ءَلْلَذِي,,الَّذِي,,ISM,RELATIVE,WORD_CLASS_ACCEPTED,WORD_CLASS_ACCEPTED,UNKNOWN,,,,,,,,,,,,,,,,[],False,,23,5,13,RADICAL; PATTERN; BAB; MASDAR; DERIVATIVE; MORPHOSYNTAX; PARADIGM,,COMPOSITE,True,ORIGINAL_SURFACE NORMALIZED_SURFACE SEGMENT_HOST PATH_DIRECTIVE_SLOT WORD_CLASS_SLOT,RADICAL_R1 RADICAL_R2 RADICAL_R3 RADICAL_R4 PATTERN_CANDIDATE_SET BAB_CANDIDATE_SET MASDAR_CANDIDATE_SET DERIVATIVE_CANDIDATE_SET NUMBER_SLOT GENDER_SLOT DEFINITENESS_SLOT LEMMA_SLOT PARADIGM_SLOT,DEFERRED,,GATE_REQUIRED,a4548fcf49505851956eed5520b4e8a84b58cef4976c11362f393ff8d18fd45f,e999d86e3f29ccb6,ACCEPT,
27,عَلَيْهِ,عَلَيْهِ,,عَلَيْ,هِ,ISM,LEXICAL_NOUN,WORD_CLASS_ACCEPTED,WORD_CLASS_ACCEPTED,DEFERRED,,,,,defer:root:defective_lam_unresolved,defer:root:defective_lam_unresolved; defer:wazn:no_hypothesis_built,,,,,,,,,,[],False,,23,6,13,RADICAL; PATTERN; BAB; MASDAR; DERIVATIVE; MORPHOSYNTAX; PARADIGM,defer:root:defective_lam_unresolved; defer:wazn:no_hypothesis_built,COMPOSITE,True,ORIGINAL_SURFACE NORMALIZED_SURFACE SEGMENT_HOST ENCLITIC_SLOTS PATH_DIRECTIVE_SLOT WORD_CLASS_SLOT,RADICAL_R1 RADICAL_R2 RADICAL_R3 RADICAL_R4 PATTERN_CANDIDATE_SET BAB_CANDIDATE_SET MASDAR_CANDIDATE_SET DERIVATIVE_CANDIDATE_SET NUMBER_SLOT GENDER_SLOT DEFINITENESS_SLOT LEMMA_SLOT PARADIGM_SLOT,LICENSED,,,4dbc363ad410c45dd5a1c5931bf2dd494a94ec6783c63a22e4a469c503c6e41f,fe89754d36b25a9a,ACCEPT,
28,الْحَقُّ,ءَلْحَقْقُ,,حَقُّ,,ISM,LEXICAL_NOUN,WORD_CLASS_ACCEPTED,WORD_CLASS_ACCEPTED,KNOWN,حقق,,FORM_I,,TRILATERAL_ROOT_ACCEPTED,,FA_A_LA,,,,,,,,,[],False,,23,9,8,BAB; MASDAR; DERIVATIVE; MORPHOSYNTAX; PARADIGM,defer:bab:nominal_morphology_path; sami3i_required; transitivity_unknown; root_class_unknown,COMPOSITE,True,ORIGINAL_SURFACE NORMALIZED_SURFACE SEGMENT_HOST PATH_DIRECTIVE_SLOT WORD_CLASS_SLOT RADICAL_R1 RADICAL_R2 RADICAL_R3 PATTERN_CANDIDATE_SET,BAB_CANDIDATE_SET MASDAR_CANDIDATE_SET DERIVATIVE_CANDIDATE_SET NUMBER_SLOT GENDER_SLOT DEFINITENESS_SLOT LEMMA_SLOT PARADIGM_SLOT,LICENSED,,,8ee80bc1363b8ed78379595a4fb7246dfa3b9ef8ac46afe9a50ace6672452137,c7e5c12ffa06e91a,ACCEPT,
29,وَلْيَتَّقِ,وَلْيَتْتَقِ,وَ لْ,يَتَّقِ,,FI3L,VERBAL_IMPERFECT,WORD_CLASS_ACCEPTED,,DEFERRED,,,FORM_VIII,,WEAK_RADICAL_IN_AUGMENTED_ROOT:DEFER,defer:root:non_standard_consonant_count; defer:root:augmented_form_beyond_scope; defer:wazn:no_hypothesis_built,اِفْتَعَلَ,,,SG,M,3,IMPERFECT,JUSSIVE,ACTIVE,[],True,NUMBER_SLOT GENDER_SLOT,23,8,11,RADICAL; PATTERN; BAB; MASDAR; DERIVATIVE; PARADIGM,defer:root:non_standard_consonant_count; defer:root:augmented_form_beyond_scope; defer:wazn:no_hypothesis_built,COMPOSITE,True,ORIGINAL_SURFACE NORMALIZED_SURFACE PROCLITIC_SLOTS SEGMENT_HOST PATH_DIRECTIVE_SLOT WORD_CLASS_SLOT NUMBER_SLOT GENDER_SLOT,RADICAL_R1 RADICAL_R2 RADICAL_R3 RADICAL_R4 PATTERN_CANDIDATE_SET BAB_CANDIDATE_SET MASDAR_CANDIDATE_SET DERIVATIVE_CANDIDATE_SET DEFINITENESS_SLOT LEMMA_SLOT PARADIGM_SLOT,LICENSED,,,43c950ef0c810342f18296e6527f4dcc6f559931f980ab7fb56d973552248308,4eea2c5cab31835c,ACCEPT,
30,اللَّهَ,ءَللْلَهَ,,اللَّهَ,,,,,WORD_CLASS_NOT_AVAILABLE,UNKNOWN,,,,,,,,,,,,,,,,[],False,,23,4,14,WORD_CLASS; RADICAL; PATTERN; BAB; MASDAR; DERIVATIVE; MORPHOSYNTAX; PARADIGM,,COMPOSITE,True,ORIGINAL_SURFACE NORMALIZED_SURFACE SEGMENT_HOST PATH_DIRECTIVE_SLOT,WORD_CLASS_SLOT RADICAL_R1 RADICAL_R2 RADICAL_R3 RADICAL_R4 PATTERN_CANDIDATE_SET BAB_CANDIDATE_SET MASDAR_CANDIDATE_SET DERIVATIVE_CANDIDATE_SET NUMBER_SLOT GENDER_SLOT DEFINITENESS_SLOT LEMMA_SLOT PARADIGM_SLOT,DEFERRED,,GATE_REQUIRED,15d782894820be29d969f05a824f491f3e297c6b697b0a7a07ffa38503a28a11,018b5084dfbf5c41,ACCEPT,
31,رَبَّهُ,رَبْبَهُ,,رَبَّ,هُ,,,WORD_CLASS_DEFERRED,WORD_CLASS_DEFERRED,UNKNOWN,,,,,,,,,,,,,,,,[],False,,23,5,14,WORD_CLASS; RADICAL; PATTERN; BAB; MASDAR; DERIVATIVE; MORPHOSYNTAX; PARADIGM,,COMPOSITE,True,ORIGINAL_SURFACE NORMALIZED_SURFACE SEGMENT_HOST ENCLITIC_SLOTS PATH_DIRECTIVE_SLOT,WORD_CLASS_SLOT RADICAL_R1 RADICAL_R2 RADICAL_R3 RADICAL_R4 PATTERN_CANDIDATE_SET BAB_CANDIDATE_SET MASDAR_CANDIDATE_SET DERIVATIVE_CANDIDATE_SET NUMBER_SLOT GENDER_SLOT DEFINITENESS_SLOT LEMMA_SLOT PARADIGM_SLOT,DEFERRED,,GATE_REQUIRED,b3c121ebdb962335d61716f86900ae60ad8f51996919686961f487df025bd1b6,ad00c0b6f58aa525,ACCEPT,
32,وَلَا,وَلَا,وَ,لَا,,,,WORD_CLASS_DEFERRED,WORD_CLASS_DEFERRED,UNKNOWN,,,,,,,,,,,,,,,,[],False,,23,5,14,WORD_CLASS; RADICAL; PATTERN; BAB; MASDAR; DERIVATIVE; MORPHOSYNTAX; PARADIGM,,COMPOSITE,True,ORIGINAL_SURFACE NORMALIZED_SURFACE PROCLITIC_SLOTS SEGMENT_HOST PATH_DIRECTIVE_SLOT,WORD_CLASS_SLOT RADICAL_R1 RADICAL_R2 RADICAL_R3 RADICAL_R4 PATTERN_CANDIDATE_SET BAB_CANDIDATE_SET MASDAR_CANDIDATE_SET DERIVATIVE_CANDIDATE_SET NUMBER_SLOT GENDER_SLOT DEFINITENESS_SLOT LEMMA_SLOT PARADIGM_SLOT,DEFERRED,,GATE_REQUIRED,5ed7ea2aa88a18df4b3fca8aa1358fba99a3b8293264c77f4b790b5c9feffc6d,20a7592d266ae4b5,ACCEPT,
33,يَبْخَسْ,يَبْخَسْ,,يَبْخَسْ,,FI3L,VERBAL_IMPERFECT,WORD_CLASS_ACCEPTED,,KNOWN,بخس,,FORM_I_IMPERFECT,,TRILATERAL_ROOT_ACCEPTED,defer:wazn:unlicensed_but_structural_augment,,,,SG,M,3,IMPERFECT,JUSSIVE,ACTIVE,[],True,NUMBER_SLOT GENDER_SLOT LEMMA_SLOT,23,11,6,PATTERN; BAB; MASDAR; DERIVATIVE,defer:wazn:unlicensed_but_structural_augment,COMPOSITE,True,ORIGINAL_SURFACE NORMALIZED_SURFACE SEGMENT_HOST PATH_DIRECTIVE_SLOT WORD_CLASS_SLOT RADICAL_R1 RADICAL_R2 RADICAL_R3 NUMBER_SLOT GENDER_SLOT LEMMA_SLOT,PATTERN_CANDIDATE_SET BAB_CANDIDATE_SET MASDAR_CANDIDATE_SET DERIVATIVE_CANDIDATE_SET DEFINITENESS_SLOT PARADIGM_SLOT,LICENSED,,,83ee1982b6f44cdf8e378352b50cd12c58eb014738e948f7f4ad56f5b570c2ef,4d2d8be575dff6a7,ACCEPT,
34,مِنْهُ,مِنْهُ,,مِنْ,هُ,,,WORD_CLASS_DEFERRED,WORD_CLASS_DEFERRED,UNKNOWN,,,,,,,,,,,,,,,,[],False,,23,5,14,WORD_CLASS; RADICAL; PATTERN; BAB; MASDAR; DERIVATIVE; MORPHOSYNTAX; PARADIGM,,COMPOSITE,True,ORIGINAL_SURFACE NORMALIZED_SURFACE SEGMENT_HOST ENCLITIC_SLOTS PATH_DIRECTIVE_SLOT,WORD_CLASS_SLOT RADICAL_R1 RADICAL_R2 RADICAL_R3 RADICAL_R4 PATTERN_CANDIDATE_SET BAB_CANDIDATE_SET MASDAR_CANDIDATE_SET DERIVATIVE_CANDIDATE_SET NUMBER_SLOT GENDER_SLOT DEFINITENESS_SLOT LEMMA_SLOT PARADIGM_SLOT,DEFERRED,,GATE_REQUIRED,86f9fb25bc60a0ac8213e0ad66bb8254df6e65e6d9a19a60656551e8b6292686,9713b03a4a14cd8d,ACCEPT,
35,شَيْئًا,شَيْءًا,,شَيْئًا,,ISM,LEXICAL_NOUN,WORD_CLASS_ACCEPTED,WORD_CLASS_ACCEPTED,KNOWN,شيء,,,,defer:root:quadriliteral_beyond_scope,,FA3L,,,,,,,,,[],False,,23,9,8,BAB; MASDAR; DERIVATIVE; MORPHOSYNTAX; PARADIGM,defer:bab:nominal_morphology_path; non_verbal_wazn,COMPOSITE,True,ORIGINAL_SURFACE NORMALIZED_SURFACE SEGMENT_HOST PATH_DIRECTIVE_SLOT WORD_CLASS_SLOT RADICAL_R1 RADICAL_R2 RADICAL_R3 PATTERN_CANDIDATE_SET,BAB_CANDIDATE_SET MASDAR_CANDIDATE_SET DERIVATIVE_CANDIDATE_SET NUMBER_SLOT GENDER_SLOT DEFINITENESS_SLOT LEMMA_SLOT PARADIGM_SLOT,LICENSED,,,f551cfdee8cbd713f41a0394530c4423f2604b2dbd578ee67baede6144913868,526ce0f0502659d6,ACCEPT,
36,فَإِنْ,فَءِنْ,فَ,إِنْ,,,,WORD_CLASS_DEFERRED,WORD_CLASS_DEFERRED,UNKNOWN,,,,,,,,,,,,,,,,[],False,,23,5,14,WORD_CLASS; RADICAL; PATTERN; BAB; MASDAR; DERIVATIVE; MORPHOSYNTAX; PARADIGM,,COMPOSITE,True,ORIGINAL_SURFACE NORMALIZED_SURFACE PROCLITIC_SLOTS SEGMENT_HOST PATH_DIRECTIVE_SLOT,WORD_CLASS_SLOT RADICAL_R1 RADICAL_R2 RADICAL_R3 RADICAL_R4 PATTERN_CANDIDATE_SET BAB_CANDIDATE_SET MASDAR_CANDIDATE_SET DERIVATIVE_CANDIDATE_SET NUMBER_SLOT GENDER_SLOT DEFINITENESS_SLOT LEMMA_SLOT PARADIGM_SLOT,DEFERRED,,GATE_REQUIRED,1af21ae09746d5ed9be0b834ac7353d2626e5154587094c6aea572fc2877f87e,1a922b7164ecfec3,ACCEPT,
37,كَانَ,كَانَ,,كَانَ,,FI3L,VERBAL_PAST,WORD_CLASS_ACCEPTED,,UNKNOWN,,,,,,,,,,SG,M,3,PAST,NOT_APPLICABLE,ACTIVE,[],True,NUMBER_SLOT GENDER_SLOT,23,7,11,RADICAL; PATTERN; BAB; MASDAR; DERIVATIVE; PARADIGM,,COMPOSITE,True,ORIGINAL_SURFACE NORMALIZED_SURFACE SEGMENT_HOST PATH_DIRECTIVE_SLOT WORD_CLASS_SLOT NUMBER_SLOT GENDER_SLOT,RADICAL_R1 RADICAL_R2 RADICAL_R3 RADICAL_R4 PATTERN_CANDIDATE_SET BAB_CANDIDATE_SET MASDAR_CANDIDATE_SET DERIVATIVE_CANDIDATE_SET DEFINITENESS_SLOT LEMMA_SLOT PARADIGM_SLOT,LICENSED,,,df05a6967f18201a068a860224aed8f088f28a9009a4a9f8c5eabb9ccca83fa8,3540744eeb605e7f,ACCEPT,
38,الَّذِي,ءَلْلَذِي,,الَّذِي,,ISM,RELATIVE,WORD_CLASS_ACCEPTED,WORD_CLASS_ACCEPTED,UNKNOWN,,,,,,,,,,,,,,,,[],False,,23,5,13,RADICAL; PATTERN; BAB; MASDAR; DERIVATIVE; MORPHOSYNTAX; PARADIGM,,COMPOSITE,True,ORIGINAL_SURFACE NORMALIZED_SURFACE SEGMENT_HOST PATH_DIRECTIVE_SLOT WORD_CLASS_SLOT,RADICAL_R1 RADICAL_R2 RADICAL_R3 RADICAL_R4 PATTERN_CANDIDATE_SET BAB_CANDIDATE_SET MASDAR_CANDIDATE_SET DERIVATIVE_CANDIDATE_SET NUMBER_SLOT GENDER_SLOT DEFINITENESS_SLOT LEMMA_SLOT PARADIGM_SLOT,DEFERRED,,GATE_REQUIRED,a4548fcf49505851956eed5520b4e8a84b58cef4976c11362f393ff8d18fd45f,51a979d7b636fd5c,ACCEPT,
39,عَلَيْهِ,عَلَيْهِ,,عَلَيْ,هِ,ISM,LEXICAL_NOUN,WORD_CLASS_ACCEPTED,WORD_CLASS_ACCEPTED,DEFERRED,,,,,defer:root:defective_lam_unresolved,defer:root:defective_lam_unresolved; defer:wazn:no_hypothesis_built,,,,,,,,,,[],False,,23,6,13,RADICAL; PATTERN; BAB; MASDAR; DERIVATIVE; MORPHOSYNTAX; PARADIGM,defer:root:defective_lam_unresolved; defer:wazn:no_hypothesis_built,COMPOSITE,True,ORIGINAL_SURFACE NORMALIZED_SURFACE SEGMENT_HOST ENCLITIC_SLOTS PATH_DIRECTIVE_SLOT WORD_CLASS_SLOT,RADICAL_R1 RADICAL_R2 RADICAL_R3 RADICAL_R4 PATTERN_CANDIDATE_SET BAB_CANDIDATE_SET MASDAR_CANDIDATE_SET DERIVATIVE_CANDIDATE_SET NUMBER_SLOT GENDER_SLOT DEFINITENESS_SLOT LEMMA_SLOT PARADIGM_SLOT,LICENSED,,,4dbc363ad410c45dd5a1c5931bf2dd494a94ec6783c63a22e4a469c503c6e41f,b9294ef3eded3fd4,ACCEPT,
40,الْحَقُّ,ءَلْحَقْقُ,,حَقُّ,,ISM,LEXICAL_NOUN,WORD_CLASS_ACCEPTED,WORD_CLASS_ACCEPTED,KNOWN,حقق,,FORM_I,,TRILATERAL_ROOT_ACCEPTED,,FA_A_LA,,,,,,,,,[],False,,23,9,8,BAB; MASDAR; DERIVATIVE; MORPHOSYNTAX; PARADIGM,defer:bab:nominal_morphology_path; sami3i_required; transitivity_unknown; root_class_unknown,COMPOSITE,True,ORIGINAL_SURFACE NORMALIZED_SURFACE SEGMENT_HOST PATH_DIRECTIVE_SLOT WORD_CLASS_SLOT RADICAL_R1 RADICAL_R2 RADICAL_R3 PATTERN_CANDIDATE_SET,BAB_CANDIDATE_SET MASDAR_CANDIDATE_SET DERIVATIVE_CANDIDATE_SET NUMBER_SLOT GENDER_SLOT DEFINITENESS_SLOT LEMMA_SLOT PARADIGM_SLOT,LICENSED,,,8ee80bc1363b8ed78379595a4fb7246dfa3b9ef8ac46afe9a50ace6672452137,cdc441665a6738fc,ACCEPT,
41,سَفِيهًا,سَفِيهًا,,سَفِيهًا,,ISM,LEXICAL_NOUN,WORD_CLASS_ACCEPTED,WORD_CLASS_ACCEPTED,DEFERRED,,,,,defer:root:non_standard_consonant_count,defer:root:quadriliteral_beyond_scope; defer:wazn:no_hypothesis_built,,,,,,,,,,[],False,,23,5,13,RADICAL; PATTERN; BAB; MASDAR; DERIVATIVE; MORPHOSYNTAX; PARADIGM,defer:root:quadriliteral_beyond_scope; defer:wazn:no_hypothesis_built,COMPOSITE,True,ORIGINAL_SURFACE NORMALIZED_SURFACE SEGMENT_HOST PATH_DIRECTIVE_SLOT WORD_CLASS_SLOT,RADICAL_R1 RADICAL_R2 RADICAL_R3 RADICAL_R4 PATTERN_CANDIDATE_SET BAB_CANDIDATE_SET MASDAR_CANDIDATE_SET DERIVATIVE_CANDIDATE_SET NUMBER_SLOT GENDER_SLOT DEFINITENESS_SLOT LEMMA_SLOT PARADIGM_SLOT,LICENSED,,,ef2bae6e0152acc1b70fe5f8a5ea0eca3fb00dd138d6de7947def69092dc617c,00da3bafd3acb336,ACCEPT,
42,أَوْ,ءَوْ,,أَوْ,,HARF,CLOSED_FUNCTION_WORD,WORD_CLASS_ACCEPTED,WORD_CLASS_ACCEPTED,UNKNOWN,,,,,,,,,,,,,,,,[],False,,23,5,13,RADICAL; PATTERN; BAB; MASDAR; DERIVATIVE; MORPHOSYNTAX; PARADIGM,,COMPOSITE,True,ORIGINAL_SURFACE NORMALIZED_SURFACE SEGMENT_HOST PATH_DIRECTIVE_SLOT WORD_CLASS_SLOT,RADICAL_R1 RADICAL_R2 RADICAL_R3 RADICAL_R4 PATTERN_CANDIDATE_SET BAB_CANDIDATE_SET MASDAR_CANDIDATE_SET DERIVATIVE_CANDIDATE_SET NUMBER_SLOT GENDER_SLOT DEFINITENESS_SLOT LEMMA_SLOT PARADIGM_SLOT,DEFERRED,,GATE_REQUIRED,6fca13ca23715eae4e9a8ba114258ca12e91f2535b2ec2bca458f8039d663575,888ef49a0d0c74f6,ACCEPT,
43,ضَعِيفًا,ضَعِيفًا,,ضَعِيفًا,,ISM,LEXICAL_NOUN,WORD_CLASS_ACCEPTED,WORD_CLASS_ACCEPTED,DEFERRED,,,,,defer:root:non_standard_consonant_count,defer:root:quadriliteral_beyond_scope; defer:wazn:no_hypothesis_built,,,,,,,,,,[],False,,23,5,13,RADICAL; PATTERN; BAB; MASDAR; DERIVATIVE; MORPHOSYNTAX; PARADIGM,defer:root:quadriliteral_beyond_scope; defer:wazn:no_hypothesis_built,COMPOSITE,True,ORIGINAL_SURFACE NORMALIZED_SURFACE SEGMENT_HOST PATH_DIRECTIVE_SLOT WORD_CLASS_SLOT,RADICAL_R1 RADICAL_R2 RADICAL_R3 RADICAL_R4 PATTERN_CANDIDATE_SET BAB_CANDIDATE_SET MASDAR_CANDIDATE_SET DERIVATIVE_CANDIDATE_SET NUMBER_SLOT GENDER_SLOT DEFINITENESS_SLOT LEMMA_SLOT PARADIGM_SLOT,LICENSED,,,ec4e0829608de62751f02c438dc2dcc95144f2c09e2c17ab11430b87f02c3ff8,9f9e9578daac5bdf,ACCEPT,
44,أَوْ,ءَوْ,,أَوْ,,HARF,CLOSED_FUNCTION_WORD,WORD_CLASS_ACCEPTED,WORD_CLASS_ACCEPTED,UNKNOWN,,,,,,,,,,,,,,,,[],False,,23,5,13,RADICAL; PATTERN; BAB; MASDAR; DERIVATIVE; MORPHOSYNTAX; PARADIGM,,COMPOSITE,True,ORIGINAL_SURFACE NORMALIZED_SURFACE SEGMENT_HOST PATH_DIRECTIVE_SLOT WORD_CLASS_SLOT,RADICAL_R1 RADICAL_R2 RADICAL_R3 RADICAL_R4 PATTERN_CANDIDATE_SET BAB_CANDIDATE_SET MASDAR_CANDIDATE_SET DERIVATIVE_CANDIDATE_SET NUMBER_SLOT GENDER_SLOT DEFINITENESS_SLOT LEMMA_SLOT PARADIGM_SLOT,DEFERRED,,GATE_REQUIRED,6fca13ca23715eae4e9a8ba114258ca12e91f2535b2ec2bca458f8039d663575,0ede153c449c46d0,ACCEPT,
45,لَا,لَا,,لَا,,HARF,CLOSED_FUNCTION_WORD,WORD_CLASS_ACCEPTED,WORD_CLASS_ACCEPTED,UNKNOWN,,,,,,,,,,,,,,,,[],False,,23,5,13,RADICAL; PATTERN; BAB; MASDAR; DERIVATIVE; MORPHOSYNTAX; PARADIGM,,COMPOSITE,True,ORIGINAL_SURFACE NORMALIZED_SURFACE SEGMENT_HOST PATH_DIRECTIVE_SLOT WORD_CLASS_SLOT,RADICAL_R1 RADICAL_R2 RADICAL_R3 RADICAL_R4 PATTERN_CANDIDATE_SET BAB_CANDIDATE_SET MASDAR_CANDIDATE_SET DERIVATIVE_CANDIDATE_SET NUMBER_SLOT GENDER_SLOT DEFINITENESS_SLOT LEMMA_SLOT PARADIGM_SLOT,DEFERRED,,GATE_REQUIRED,2adc16641afe16a1722dca6fdbf17acfc9aebf881a68af5140cfdb0e62f7cd70,b2739cbedce56fe2,ACCEPT,
46,يَسْتَطِيعُ,يَسْتَطِيعُ,,يَسْتَطِيعُ,,FI3L,VERBAL_IMPERFECT,WORD_CLASS_ACCEPTED,,KNOWN,طيع,,FORM_X,,WEAK_RADICAL_IN_AUGMENTED_ROOT:DEFER,note:augmented:weak_radical_in_root,ISTAF3ALA,اِسْتِفْعَال,,SG,M,3,IMPERFECT,INDICATIVE,ACTIVE,[],True,NUMBER_SLOT GENDER_SLOT,23,11,6,BAB; MASDAR; DERIVATIVE; PARADIGM,note:augmented:weak_radical_in_root; root_class_unknown,COMPOSITE,True,ORIGINAL_SURFACE NORMALIZED_SURFACE SEGMENT_HOST PATH_DIRECTIVE_SLOT WORD_CLASS_SLOT RADICAL_R1 RADICAL_R2 RADICAL_R3 PATTERN_CANDIDATE_SET NUMBER_SLOT GENDER_SLOT,BAB_CANDIDATE_SET MASDAR_CANDIDATE_SET DERIVATIVE_CANDIDATE_SET DEFINITENESS_SLOT LEMMA_SLOT PARADIGM_SLOT,LICENSED,,,8b7ad1cecac2f44e7e76911e96c606cc4259dee038b35c0e566f4d58ca435eb8,98b2346bfda0afb1,ACCEPT,
47,أَنْ,ءَنْ,,أَنْ,,HARF,CLOSED_FUNCTION_WORD,WORD_CLASS_ACCEPTED,WORD_CLASS_ACCEPTED,UNKNOWN,,,,,,,,,,,,,,,,[],False,,23,5,13,RADICAL; PATTERN; BAB; MASDAR; DERIVATIVE; MORPHOSYNTAX; PARADIGM,,COMPOSITE,True,ORIGINAL_SURFACE NORMALIZED_SURFACE SEGMENT_HOST PATH_DIRECTIVE_SLOT WORD_CLASS_SLOT,RADICAL_R1 RADICAL_R2 RADICAL_R3 RADICAL_R4 PATTERN_CANDIDATE_SET BAB_CANDIDATE_SET MASDAR_CANDIDATE_SET DERIVATIVE_CANDIDATE_SET NUMBER_SLOT GENDER_SLOT DEFINITENESS_SLOT LEMMA_SLOT PARADIGM_SLOT,DEFERRED,,GATE_REQUIRED,5a82bd23d31dbfe327edca02dcd2d68d61e0251a8ed4783f10f3e7b01c4f2864,66ba5513861ffe81,ACCEPT,
48,يُمِلَّ,يُمِلْلَ,,يُمِلَّ,,FI3L,VERBAL_IMPERFECT,WORD_CLASS_ACCEPTED,,KNOWN,ملل,,FORM_IV,,AUGMENTED_ROOT_ACCEPTED,,AF3AL,إِفْعَال,,SG,M,3,IMPERFECT,SUBJUNCTIVE,ACTIVE,[],True,NUMBER_SLOT GENDER_SLOT,23,11,6,BAB; MASDAR; DERIVATIVE; PARADIGM,root_class_unknown,COMPOSITE,True,ORIGINAL_SURFACE NORMALIZED_SURFACE SEGMENT_HOST PATH_DIRECTIVE_SLOT WORD_CLASS_SLOT RADICAL_R1 RADICAL_R2 RADICAL_R3 PATTERN_CANDIDATE_SET NUMBER_SLOT GENDER_SLOT,BAB_CANDIDATE_SET MASDAR_CANDIDATE_SET DERIVATIVE_CANDIDATE_SET DEFINITENESS_SLOT LEMMA_SLOT PARADIGM_SLOT,LICENSED,,,4bb3d5cc341ff1b94c129e12bb374e96211dbaadd6367176c0dc82dfc9713b4d,58ff53da53393cbb,ACCEPT,
49,هُوَ,هُوَ,,هُوَ,,ISM,PRONOUN,WORD_CLASS_ACCEPTED,WORD_CLASS_ACCEPTED,UNKNOWN,,,,,,,,,,,,,,,,[],False,,23,5,13,RADICAL; PATTERN; BAB; MASDAR; DERIVATIVE; MORPHOSYNTAX; PARADIGM,,COMPOSITE,True,ORIGINAL_SURFACE NORMALIZED_SURFACE SEGMENT_HOST PATH_DIRECTIVE_SLOT WORD_CLASS_SLOT,RADICAL_R1 RADICAL_R2 RADICAL_R3 RADICAL_R4 PATTERN_CANDIDATE_SET BAB_CANDIDATE_SET MASDAR_CANDIDATE_SET DERIVATIVE_CANDIDATE_SET NUMBER_SLOT GENDER_SLOT DEFINITENESS_SLOT LEMMA_SLOT PARADIGM_SLOT,DEFERRED,,GATE_REQUIRED,ec22dd756b594be30e36d7d33ca41a18abab56a30938a6cbd61658ec09e5da9e,ecf5f642e2b9af3f,ACCEPT,
50,فَلْيُمْلِلْ,فَلْيُمْلِلْ,فَ لْ,يُمْلِلْ,,FI3L,VERBAL_IMPERFECT,WORD_CLASS_ACCEPTED,,DEFERRED,,,,,defer:root:quadriliteral_beyond_scope,defer:root:non_standard_consonant_count; defer:root:augmented_form_beyond_scope; defer:wazn:no_hypothesis_built,,,,SG,M,3,IMPERFECT,JUSSIVE,ACTIVE,[],True,NUMBER_SLOT GENDER_SLOT,23,8,11,RADICAL; PATTERN; BAB; MASDAR; DERIVATIVE; PARADIGM,defer:root:non_standard_consonant_count; defer:root:augmented_form_beyond_scope; defer:wazn:no_hypothesis_built,COMPOSITE,True,ORIGINAL_SURFACE NORMALIZED_SURFACE PROCLITIC_SLOTS SEGMENT_HOST PATH_DIRECTIVE_SLOT WORD_CLASS_SLOT NUMBER_SLOT GENDER_SLOT,RADICAL_R1 RADICAL_R2 RADICAL_R3 RADICAL_R4 PATTERN_CANDIDATE_SET BAB_CANDIDATE_SET MASDAR_CANDIDATE_SET DERIVATIVE_CANDIDATE_SET DEFINITENESS_SLOT LEMMA_SLOT PARADIGM_SLOT,LICENSED,,,a15a285bdcd24a16bcfb45a965d21c9ffd745698bc259807ba109615e033d97f,42915cdc89a63bbf,ACCEPT,
51,وَلِيُّهُ,وَلِيْيُهُ,,وَلِيُّ,هُ,ISM,LEXICAL_NOUN,WORD_CLASS_ACCEPTED,WORD_CLASS_ACCEPTED,DEFERRED,,,,,defer:root:quadriliteral_beyond_scope,defer:root:quadriliteral_beyond_scope; defer:wazn:no_hypothesis_built,,,,,,,,,,[],False,,23,6,13,RADICAL; PATTERN; BAB; MASDAR; DERIVATIVE; MORPHOSYNTAX; PARADIGM,defer:root:quadriliteral_beyond_scope; defer:wazn:no_hypothesis_built,COMPOSITE,True,ORIGINAL_SURFACE NORMALIZED_SURFACE SEGMENT_HOST ENCLITIC_SLOTS PATH_DIRECTIVE_SLOT WORD_CLASS_SLOT,RADICAL_R1 RADICAL_R2 RADICAL_R3 RADICAL_R4 PATTERN_CANDIDATE_SET BAB_CANDIDATE_SET MASDAR_CANDIDATE_SET DERIVATIVE_CANDIDATE_SET NUMBER_SLOT GENDER_SLOT DEFINITENESS_SLOT LEMMA_SLOT PARADIGM_SLOT,LICENSED,,,ace21bbcd862a6dd9ea3f4fc4e956d1555b627aadb3169c327fc534d9a923398,275306bfa6726078,ACCEPT,
52,بِالْعَدْلِ,بِالْعَدْلِ,بِ,عَدْلِ,,ISM,LEXICAL_NOUN,WORD_CLASS_ACCEPTED,WORD_CLASS_ACCEPTED,KNOWN,عدل,,FORM_I,,TRILATERAL_ROOT_ACCEPTED,,FA3L,,,,,,,,,[],False,,23,10,8,BAB; MASDAR; DERIVATIVE; MORPHOSYNTAX; PARADIGM,defer:bab:nominal_morphology_path; non_verbal_wazn,COMPOSITE,True,ORIGINAL_SURFACE NORMALIZED_SURFACE PROCLITIC_SLOTS SEGMENT_HOST PATH_DIRECTIVE_SLOT WORD_CLASS_SLOT RADICAL_R1 RADICAL_R2 RADICAL_R3 PATTERN_CANDIDATE_SET,BAB_CANDIDATE_SET MASDAR_CANDIDATE_SET DERIVATIVE_CANDIDATE_SET NUMBER_SLOT GENDER_SLOT DEFINITENESS_SLOT LEMMA_SLOT PARADIGM_SLOT,LICENSED,,,ee98f1070b7faf5eb813cf55840544e87ca9a340b4aac3cfe80c2d65171d91bb,725b19b2bad5b617,ACCEPT,
53,وَاسْتَشْهِدُوا,وَاسْتَشْهِدُوا,وَ,اسْتَشْهِدُوا,,FI3L,VERBAL_IMPERATIVE,WORD_CLASS_ACCEPTED,,KNOWN,شهد,,FORM_X,وا,AUGMENTED_ROOT_ACCEPTED,,ISTAF3ALA,اِسْتِفْعَال,,PL,M,2,IMPERATIVE,NOT_APPLICABLE,ACTIVE,[],True,NUMBER_SLOT GENDER_SLOT,23,12,6,BAB; MASDAR; DERIVATIVE; PARADIGM,root_class_unknown,COMPOSITE,True,ORIGINAL_SURFACE NORMALIZED_SURFACE PROCLITIC_SLOTS SEGMENT_HOST PATH_DIRECTIVE_SLOT WORD_CLASS_SLOT RADICAL_R1 RADICAL_R2 RADICAL_R3 PATTERN_CANDIDATE_SET NUMBER_SLOT GENDER_SLOT,BAB_CANDIDATE_SET MASDAR_CANDIDATE_SET DERIVATIVE_CANDIDATE_SET DEFINITENESS_SLOT LEMMA_SLOT PARADIGM_SLOT,DEFERRED,,REQUIRED_SLOT_EMPTY; gamma:REQUIRED_SLOT_EMPTY,6cabc1f0bb803427c7c2de648b2381a12bca678dee529323271154fa22aa3bf2,d2b3683a7c9ef316,DEFER,
54,شَهِيدَيْنِ,شَهِيدَيْنِ,,شَهِيدَيْنِ,,ISM,LEXICAL_NOUN,WORD_CLASS_ACCEPTED,WORD_CLASS_ACCEPTED,DEFERRED,,,,,defer:root:non_standard_consonant_count,defer:root:non_standard_consonant_count; defer:root:augmented_form_beyond_scope; defer:wazn:no_hypothesis_built,,,,,,,,,,[],False,,23,5,13,RADICAL; PATTERN; BAB; MASDAR; DERIVATIVE; MORPHOSYNTAX; PARADIGM,defer:root:non_standard_consonant_count; defer:root:augmented_form_beyond_scope; defer:wazn:no_hypothesis_built,COMPOSITE,True,ORIGINAL_SURFACE NORMALIZED_SURFACE SEGMENT_HOST PATH_DIRECTIVE_SLOT WORD_CLASS_SLOT,RADICAL_R1 RADICAL_R2 RADICAL_R3 RADICAL_R4 PATTERN_CANDIDATE_SET BAB_CANDIDATE_SET MASDAR_CANDIDATE_SET DERIVATIVE_CANDIDATE_SET NUMBER_SLOT GENDER_SLOT DEFINITENESS_SLOT LEMMA_SLOT PARADIGM_SLOT,LICENSED,,,9ff4780bbd45d08f87268ec1fa74a544198de450a807cab3942537efdf05dbbe,d932b12f79b726bd,ACCEPT,
55,مِنْ,مِنْ,,مِنْ,,HARF,CLOSED_FUNCTION_WORD,WORD_CLASS_ACCEPTED,WORD_CLASS_ACCEPTED,UNKNOWN,,,,,,,,,,,,,,,,[],False,,23,5,13,RADICAL; PATTERN; BAB; MASDAR; DERIVATIVE; MORPHOSYNTAX; PARADIGM,,COMPOSITE,True,ORIGINAL_SURFACE NORMALIZED_SURFACE SEGMENT_HOST PATH_DIRECTIVE_SLOT WORD_CLASS_SLOT,RADICAL_R1 RADICAL_R2 RADICAL_R3 RADICAL_R4 PATTERN_CANDIDATE_SET BAB_CANDIDATE_SET MASDAR_CANDIDATE_SET DERIVATIVE_CANDIDATE_SET NUMBER_SLOT GENDER_SLOT DEFINITENESS_SLOT LEMMA_SLOT PARADIGM_SLOT,DEFERRED,,GATE_REQUIRED,c8cae65e8ab6a5c726c01d916f6d74bc3a074f1813ac11387b9e7930bda6363c,969f0fe6d39189ef,ACCEPT,
56,رِجَالِكُمْ,رِجَالِكُمْ,,رِجَالِ,كُمْ,ISM,LEXICAL_NOUN,WORD_CLASS_ACCEPTED,WORD_CLASS_ACCEPTED,DEFERRED,,,,,defer:root:quadriliteral_beyond_scope,defer:root:quadriliteral_beyond_scope; defer:wazn:no_hypothesis_built,,,,,,,,,,[],False,,23,6,13,RADICAL; PATTERN; BAB; MASDAR; DERIVATIVE; MORPHOSYNTAX; PARADIGM,defer:root:quadriliteral_beyond_scope; defer:wazn:no_hypothesis_built,COMPOSITE,True,ORIGINAL_SURFACE NORMALIZED_SURFACE SEGMENT_HOST ENCLITIC_SLOTS PATH_DIRECTIVE_SLOT WORD_CLASS_SLOT,RADICAL_R1 RADICAL_R2 RADICAL_R3 RADICAL_R4 PATTERN_CANDIDATE_SET BAB_CANDIDATE_SET MASDAR_CANDIDATE_SET DERIVATIVE_CANDIDATE_SET NUMBER_SLOT GENDER_SLOT DEFINITENESS_SLOT LEMMA_SLOT PARADIGM_SLOT,LICENSED,,,f4641a6716900bb72d7d205daecdc41e539924aeeaf296ee820791ffd7cb4b34,af70961d97c4bc40,ACCEPT,
57,فَإِنْ,فَءِنْ,فَ,إِنْ,,,,WORD_CLASS_DEFERRED,WORD_CLASS_DEFERRED,UNKNOWN,,,,,,,,,,,,,,,,[],False,,23,5,14,WORD_CLASS; RADICAL; PATTERN; BAB; MASDAR; DERIVATIVE; MORPHOSYNTAX; PARADIGM,,COMPOSITE,True,ORIGINAL_SURFACE NORMALIZED_SURFACE PROCLITIC_SLOTS SEGMENT_HOST PATH_DIRECTIVE_SLOT,WORD_CLASS_SLOT RADICAL_R1 RADICAL_R2 RADICAL_R3 RADICAL_R4 PATTERN_CANDIDATE_SET BAB_CANDIDATE_SET MASDAR_CANDIDATE_SET DERIVATIVE_CANDIDATE_SET NUMBER_SLOT GENDER_SLOT DEFINITENESS_SLOT LEMMA_SLOT PARADIGM_SLOT,DEFERRED,,GATE_REQUIRED,1af21ae09746d5ed9be0b834ac7353d2626e5154587094c6aea572fc2877f87e,53c3d331fe0ac556,ACCEPT,
58,لَمْ,لَمْ,,لَمْ,,HARF,CLOSED_FUNCTION_WORD,WORD_CLASS_ACCEPTED,WORD_CLASS_ACCEPTED,UNKNOWN,,,,,,,,,,,,,,,,[],False,,23,5,13,RADICAL; PATTERN; BAB; MASDAR; DERIVATIVE; MORPHOSYNTAX; PARADIGM,,COMPOSITE,True,ORIGINAL_SURFACE NORMALIZED_SURFACE SEGMENT_HOST PATH_DIRECTIVE_SLOT WORD_CLASS_SLOT,RADICAL_R1 RADICAL_R2 RADICAL_R3 RADICAL_R4 PATTERN_CANDIDATE_SET BAB_CANDIDATE_SET MASDAR_CANDIDATE_SET DERIVATIVE_CANDIDATE_SET NUMBER_SLOT GENDER_SLOT DEFINITENESS_SLOT LEMMA_SLOT PARADIGM_SLOT,DEFERRED,,GATE_REQUIRED,46a6268c41d14c284bb7bcc1d519ea99a82926b79e84448f861dd8db1780aeed,fad4220787eb0061,ACCEPT,
59,يَكُونَا,يَكُونَا,,يَكُونَا,,FI3L,VERBAL_IMPERFECT,WORD_CLASS_ACCEPTED,,DEFERRED,,,,,defer:root:non_standard_consonant_count,defer:root:root_path_not_opened_by_pre_root; defer:wazn:no_hypothesis_built,,,,DU,M,3,IMPERFECT,JUSSIVE,ACTIVE,[],True,NUMBER_SLOT GENDER_SLOT,23,7,11,RADICAL; PATTERN; BAB; MASDAR; DERIVATIVE; PARADIGM,defer:root:root_path_not_opened_by_pre_root; defer:wazn:no_hypothesis_built,COMPOSITE,True,ORIGINAL_SURFACE NORMALIZED_SURFACE SEGMENT_HOST PATH_DIRECTIVE_SLOT WORD_CLASS_SLOT NUMBER_SLOT GENDER_SLOT,RADICAL_R1 RADICAL_R2 RADICAL_R3 RADICAL_R4 PATTERN_CANDIDATE_SET BAB_CANDIDATE_SET MASDAR_CANDIDATE_SET DERIVATIVE_CANDIDATE_SET DEFINITENESS_SLOT LEMMA_SLOT PARADIGM_SLOT,LICENSED,,,5bc4db733a91104354aae20e3364703a32ec756e7743bda16829e8beb6d82184,5b1f6e797ce74a16,ACCEPT,
60,رَجُلَيْنِ,رَجُلَيْنِ,,رَجُلَيْنِ,,ISM,LEXICAL_NOUN,WORD_CLASS_ACCEPTED,WORD_CLASS_ACCEPTED,DEFERRED,,,,,defer:root:non_standard_consonant_count,defer:root:non_standard_consonant_count; defer:root:augmented_form_beyond_scope; defer:wazn:no_hypothesis_built,,,,,,,,,,[],False,,23,5,13,RADICAL; PATTERN; BAB; MASDAR; DERIVATIVE; MORPHOSYNTAX; PARADIGM,defer:root:non_standard_consonant_count; defer:root:augmented_form_beyond_scope; defer:wazn:no_hypothesis_built,COMPOSITE,True,ORIGINAL_SURFACE NORMALIZED_SURFACE SEGMENT_HOST PATH_DIRECTIVE_SLOT WORD_CLASS_SLOT,RADICAL_R1 RADICAL_R2 RADICAL_R3 RADICAL_R4 PATTERN_CANDIDATE_SET BAB_CANDIDATE_SET MASDAR_CANDIDATE_SET DERIVATIVE_CANDIDATE_SET NUMBER_SLOT GENDER_SLOT DEFINITENESS_SLOT LEMMA_SLOT PARADIGM_SLOT,LICENSED,,,629ead5ece65085839d06100ae86d4f298343d0ae61b1404980737117f9741aa,4834f3ef20b11410,ACCEPT,
61,فَرَجُلٌ,فَرَجُلٌ,فَ,رَجُلٌ,,ISM,LEXICAL_NOUN,WORD_CLASS_ACCEPTED,WORD_CLASS_ACCEPTED,KNOWN,رجل,,FORM_I,,TRILATERAL_ROOT_ACCEPTED,,FA_U_LA,,,,,,,,,[],False,,23,10,8,BAB; MASDAR; DERIVATIVE; MORPHOSYNTAX; PARADIGM,defer:bab:nominal_morphology_path; sami3i_required; transitivity_unknown; root_class_unknown,COMPOSITE,True,ORIGINAL_SURFACE NORMALIZED_SURFACE PROCLITIC_SLOTS SEGMENT_HOST PATH_DIRECTIVE_SLOT WORD_CLASS_SLOT RADICAL_R1 RADICAL_R2 RADICAL_R3 PATTERN_CANDIDATE_SET,BAB_CANDIDATE_SET MASDAR_CANDIDATE_SET DERIVATIVE_CANDIDATE_SET NUMBER_SLOT GENDER_SLOT DEFINITENESS_SLOT LEMMA_SLOT PARADIGM_SLOT,LICENSED,,,f5f256eb407ab26224cbf774fcff2e420063e6c7952612678e09746da46134ac,45a81ecdea348765,ACCEPT,
62,وَامْرَأَتَانِ,وَامْرَءَتَانِ,وَ,امْرَأَتَانِ,,ISM,LEXICAL_NOUN,WORD_CLASS_ACCEPTED,WORD_CLASS_ACCEPTED,DEFERRED,,,FORM_I,,defer:root:non_standard_consonant_count,defer:root:root_path_not_opened_by_pre_root; defer:wazn:no_hypothesis_built,فَعَلَ,,,,,,,,,[],False,,23,6,13,RADICAL; PATTERN; BAB; MASDAR; DERIVATIVE; MORPHOSYNTAX; PARADIGM,defer:root:root_path_not_opened_by_pre_root; defer:wazn:no_hypothesis_built,COMPOSITE,True,ORIGINAL_SURFACE NORMALIZED_SURFACE PROCLITIC_SLOTS SEGMENT_HOST PATH_DIRECTIVE_SLOT WORD_CLASS_SLOT,RADICAL_R1 RADICAL_R2 RADICAL_R3 RADICAL_R4 PATTERN_CANDIDATE_SET BAB_CANDIDATE_SET MASDAR_CANDIDATE_SET DERIVATIVE_CANDIDATE_SET NUMBER_SLOT GENDER_SLOT DEFINITENESS_SLOT LEMMA_SLOT PARADIGM_SLOT,DEFERRED,,REQUIRED_SLOT_EMPTY; gamma:REQUIRED_SLOT_EMPTY,a1796bbcab7d8891380d4e55608ae3f3dfa3a7489d0e78ca32eb548c678478f9,b44b76e8e66c62a4,DEFER,
63,مِمَّنْ,مِمْمَنْ,,مِمَّنْ,,ISM,LEXICAL_NOUN,WORD_CLASS_ACCEPTED,WORD_CLASS_ACCEPTED,DEFERRED,,,,,defer:root:quadriliteral_beyond_scope,defer:root:quadriliteral_beyond_scope; defer:wazn:no_hypothesis_built,,,,,,,,,,[],False,,23,5,13,RADICAL; PATTERN; BAB; MASDAR; DERIVATIVE; MORPHOSYNTAX; PARADIGM,defer:root:quadriliteral_beyond_scope; defer:wazn:no_hypothesis_built,COMPOSITE,True,ORIGINAL_SURFACE NORMALIZED_SURFACE SEGMENT_HOST PATH_DIRECTIVE_SLOT WORD_CLASS_SLOT,RADICAL_R1 RADICAL_R2 RADICAL_R3 RADICAL_R4 PATTERN_CANDIDATE_SET BAB_CANDIDATE_SET MASDAR_CANDIDATE_SET DERIVATIVE_CANDIDATE_SET NUMBER_SLOT GENDER_SLOT DEFINITENESS_SLOT LEMMA_SLOT PARADIGM_SLOT,LICENSED,,,179641e9c5de244c3cbe7c6c0d740b4358895c79be9dfd6acbc479fcaba70e99,d8dc98a8baea8653,ACCEPT,
64,تَرْضَوْنَ,تَرْضَوْنَ,,تَرْضَوْنَ,,FI3L,VERBAL_IMPERFECT,WORD_CLASS_ACCEPTED,,DEFERRED,,,FORM_I_IMPERFECT,,defer:root:quadriliteral_beyond_scope,defer:root:non_standard_consonant_count; defer:root:augmented_form_beyond_scope; defer:wazn:no_hypothesis_built,,,,PL,M,2,IMPERFECT,INDICATIVE,ACTIVE,[],True,NUMBER_SLOT GENDER_SLOT,23,7,11,RADICAL; PATTERN; BAB; MASDAR; DERIVATIVE; PARADIGM,defer:root:non_standard_consonant_count; defer:root:augmented_form_beyond_scope; defer:wazn:no_hypothesis_built,COMPOSITE,True,ORIGINAL_SURFACE NORMALIZED_SURFACE SEGMENT_HOST PATH_DIRECTIVE_SLOT WORD_CLASS_SLOT NUMBER_SLOT GENDER_SLOT,RADICAL_R1 RADICAL_R2 RADICAL_R3 RADICAL_R4 PATTERN_CANDIDATE_SET BAB_CANDIDATE_SET MASDAR_CANDIDATE_SET DERIVATIVE_CANDIDATE_SET DEFINITENESS_SLOT LEMMA_SLOT PARADIGM_SLOT,LICENSED,,,6a119b15fe21a92946bad9bd7264022cbd645f8eaa069419fa890522c44ba66e,d46b8cc1beb17968,ACCEPT,
65,مِنَ,مِنَ,,مِنَ,,HARF,CLOSED_FUNCTION_WORD,WORD_CLASS_ACCEPTED,WORD_CLASS_ACCEPTED,UNKNOWN,,,,,,,,,,,,,,,,[],False,,23,5,13,RADICAL; PATTERN; BAB; MASDAR; DERIVATIVE; MORPHOSYNTAX; PARADIGM,,COMPOSITE,True,ORIGINAL_SURFACE NORMALIZED_SURFACE SEGMENT_HOST PATH_DIRECTIVE_SLOT WORD_CLASS_SLOT,RADICAL_R1 RADICAL_R2 RADICAL_R3 RADICAL_R4 PATTERN_CANDIDATE_SET BAB_CANDIDATE_SET MASDAR_CANDIDATE_SET DERIVATIVE_CANDIDATE_SET NUMBER_SLOT GENDER_SLOT DEFINITENESS_SLOT LEMMA_SLOT PARADIGM_SLOT,DEFERRED,,GATE_REQUIRED,ef22e9e1ef66facb0976ddf04a9f55ebb09607ff8ec761d730e2d6d852dce735,44c5c00538008f45,ACCEPT,
66,الشُّهَدَاءِ,ءَلشْشُهَدَاءِ,,شُّهَدَاءِ,,ISM,LEXICAL_NOUN,WORD_CLASS_ACCEPTED,WORD_CLASS_ACCEPTED,DEFERRED,,,,,defer:root:non_standard_consonant_count,defer:root:root_path_not_opened_by_pre_root; defer:wazn:no_hypothesis_built,,,,,,,,,,[],False,,23,5,13,RADICAL; PATTERN; BAB; MASDAR; DERIVATIVE; MORPHOSYNTAX; PARADIGM,defer:root:root_path_not_opened_by_pre_root; defer:wazn:no_hypothesis_built,COMPOSITE,True,ORIGINAL_SURFACE NORMALIZED_SURFACE SEGMENT_HOST PATH_DIRECTIVE_SLOT WORD_CLASS_SLOT,RADICAL_R1 RADICAL_R2 RADICAL_R3 RADICAL_R4 PATTERN_CANDIDATE_SET BAB_CANDIDATE_SET MASDAR_CANDIDATE_SET DERIVATIVE_CANDIDATE_SET NUMBER_SLOT GENDER_SLOT DEFINITENESS_SLOT LEMMA_SLOT PARADIGM_SLOT,DEFERRED,,REQUIRED_SLOT_EMPTY; gamma:REQUIRED_SLOT_EMPTY,8c47926055fe4bb948d10e0d54958e50f8cc7af7a0ca7ccc1adbf77ce5e534f5,d545e4c6d58f6daa,DEFER,
67,أَنْ,ءَنْ,,أَنْ,,HARF,CLOSED_FUNCTION_WORD,WORD_CLASS_ACCEPTED,WORD_CLASS_ACCEPTED,UNKNOWN,,,,,,,,,,,,,,,,[],False,,23,5,13,RADICAL; PATTERN; BAB; MASDAR; DERIVATIVE; MORPHOSYNTAX; PARADIGM,,COMPOSITE,True,ORIGINAL_SURFACE NORMALIZED_SURFACE SEGMENT_HOST PATH_DIRECTIVE_SLOT WORD_CLASS_SLOT,RADICAL_R1 RADICAL_R2 RADICAL_R3 RADICAL_R4 PATTERN_CANDIDATE_SET BAB_CANDIDATE_SET MASDAR_CANDIDATE_SET DERIVATIVE_CANDIDATE_SET NUMBER_SLOT GENDER_SLOT DEFINITENESS_SLOT LEMMA_SLOT PARADIGM_SLOT,DEFERRED,,GATE_REQUIRED,5a82bd23d31dbfe327edca02dcd2d68d61e0251a8ed4783f10f3e7b01c4f2864,1babaf94c628c79b,ACCEPT,
68,تَضِلَّ,تَضِلْلَ,,تَضِلَّ,,FI3L,VERBAL_IMPERFECT,WORD_CLASS_ACCEPTED,,KNOWN,ضلل,,FORM_I_IMPERFECT,,TRILATERAL_ROOT_ACCEPTED,defer:wazn:unlicensed_but_structural_augment,,,,SG,F,3,IMPERFECT,SUBJUNCTIVE,ACTIVE,"[{""gender"": ""M"", ""number"": ""SG"", ""person"": ""2"", ""reading"": ""2MS""}, {""gender"": ""F"", ""number"": ""SG"", ""person"": ""3"", ""reading"": ""3FS""}]",True,NUMBER_SLOT GENDER_SLOT LEMMA_SLOT,23,11,6,PATTERN; BAB; MASDAR; DERIVATIVE,defer:wazn:unlicensed_but_structural_augment,COMPOSITE,True,ORIGINAL_SURFACE NORMALIZED_SURFACE SEGMENT_HOST PATH_DIRECTIVE_SLOT WORD_CLASS_SLOT RADICAL_R1 RADICAL_R2 RADICAL_R3 NUMBER_SLOT GENDER_SLOT LEMMA_SLOT,PATTERN_CANDIDATE_SET BAB_CANDIDATE_SET MASDAR_CANDIDATE_SET DERIVATIVE_CANDIDATE_SET DEFINITENESS_SLOT PARADIGM_SLOT,LICENSED,,,e2410934f20e08e43b2a02c0181ebc893494caa48c6c66ebce46a6865fbe60cc,148bcbad6fc98bbd,ACCEPT,
69,إِحْدَاهُمَا,ءِحْدَاهُمَا,,إِحْدَا,هُمَا,ISM,LEXICAL_NOUN,WORD_CLASS_ACCEPTED,WORD_CLASS_ACCEPTED,DEFERRED,,,FORM_IV,,WEAK_RADICAL_IN_AUGMENTED_ROOT:DEFER,defer:root:quadriliteral_beyond_scope; defer:wazn:no_hypothesis_built,أَفْعَلَ,,,,,,,,,[],False,,23,6,13,RADICAL; PATTERN; BAB; MASDAR; DERIVATIVE; MORPHOSYNTAX; PARADIGM,defer:root:quadriliteral_beyond_scope; defer:wazn:no_hypothesis_built,COMPOSITE,True,ORIGINAL_SURFACE NORMALIZED_SURFACE SEGMENT_HOST ENCLITIC_SLOTS PATH_DIRECTIVE_SLOT WORD_CLASS_SLOT,RADICAL_R1 RADICAL_R2 RADICAL_R3 RADICAL_R4 PATTERN_CANDIDATE_SET BAB_CANDIDATE_SET MASDAR_CANDIDATE_SET DERIVATIVE_CANDIDATE_SET NUMBER_SLOT GENDER_SLOT DEFINITENESS_SLOT LEMMA_SLOT PARADIGM_SLOT,LICENSED,,,7ef43f7f9a1ed3a82f6b9e805e06f52757b223cf47b2d23d91de857793bbf1bf,bcf8998d642c7c84,ACCEPT,
70,فَتُذَكِّرَ,فَتُذَكْكِرَ,فَ,تُذَكِّرَ,,FI3L,VERBAL_IMPERFECT,WORD_CLASS_ACCEPTED,,KNOWN,ذكر,,FORM_II,,AUGMENTED_ROOT_ACCEPTED,,FA33ALA,تَفْعِيل,,SG,F,3,IMPERFECT,SUBJUNCTIVE,ACTIVE,"[{""gender"": ""M"", ""number"": ""SG"", ""person"": ""2"", ""reading"": ""2MS""}, {""gender"": ""F"", ""number"": ""SG"", ""person"": ""3"", ""reading"": ""3FS""}]",True,NUMBER_SLOT GENDER_SLOT,23,12,6,BAB; MASDAR; DERIVATIVE; PARADIGM,root_class_unknown,COMPOSITE,True,ORIGINAL_SURFACE NORMALIZED_SURFACE PROCLITIC_SLOTS SEGMENT_HOST PATH_DIRECTIVE_SLOT WORD_CLASS_SLOT RADICAL_R1 RADICAL_R2 RADICAL_R3 PATTERN_CANDIDATE_SET NUMBER_SLOT GENDER_SLOT,BAB_CANDIDATE_SET MASDAR_CANDIDATE_SET DERIVATIVE_CANDIDATE_SET DEFINITENESS_SLOT LEMMA_SLOT PARADIGM_SLOT,LICENSED,,,e0b4a47b53b6c53f74a76cb14f3c18f4fa4bc248d766e48449bba915e16b3b55,e7f3da1d1f277036,ACCEPT,
71,إِحْدَاهُمَا,ءِحْدَاهُمَا,,إِحْدَا,هُمَا,ISM,LEXICAL_NOUN,WORD_CLASS_ACCEPTED,WORD_CLASS_ACCEPTED,DEFERRED,,,FORM_IV,,WEAK_RADICAL_IN_AUGMENTED_ROOT:DEFER,defer:root:quadriliteral_beyond_scope; defer:wazn:no_hypothesis_built,أَفْعَلَ,,,,,,,,,[],False,,23,6,13,RADICAL; PATTERN; BAB; MASDAR; DERIVATIVE; MORPHOSYNTAX; PARADIGM,defer:root:quadriliteral_beyond_scope; defer:wazn:no_hypothesis_built,COMPOSITE,True,ORIGINAL_SURFACE NORMALIZED_SURFACE SEGMENT_HOST ENCLITIC_SLOTS PATH_DIRECTIVE_SLOT WORD_CLASS_SLOT,RADICAL_R1 RADICAL_R2 RADICAL_R3 RADICAL_R4 PATTERN_CANDIDATE_SET BAB_CANDIDATE_SET MASDAR_CANDIDATE_SET DERIVATIVE_CANDIDATE_SET NUMBER_SLOT GENDER_SLOT DEFINITENESS_SLOT LEMMA_SLOT PARADIGM_SLOT,LICENSED,,,7ef43f7f9a1ed3a82f6b9e805e06f52757b223cf47b2d23d91de857793bbf1bf,466f06ba5ab7e805,ACCEPT,
72,الْأُخْرَى,ءَلْءُخْرَى,,أُخْرَى,,ISM,LEXICAL_NOUN,WORD_CLASS_ACCEPTED,WORD_CLASS_ACCEPTED,UNKNOWN,,,FORM_IV,,WEAK_RADICAL_IN_AUGMENTED_ROOT:DEFER,,أَفْعَلَ,,,,,,,,,[],False,,23,5,13,RADICAL; PATTERN; BAB; MASDAR; DERIVATIVE; MORPHOSYNTAX; PARADIGM,,COMPOSITE,True,ORIGINAL_SURFACE NORMALIZED_SURFACE SEGMENT_HOST PATH_DIRECTIVE_SLOT WORD_CLASS_SLOT,RADICAL_R1 RADICAL_R2 RADICAL_R3 RADICAL_R4 PATTERN_CANDIDATE_SET BAB_CANDIDATE_SET MASDAR_CANDIDATE_SET DERIVATIVE_CANDIDATE_SET NUMBER_SLOT GENDER_SLOT DEFINITENESS_SLOT LEMMA_SLOT PARADIGM_SLOT,DEFERRED,,GATE_REQUIRED,9bc6d9d9ad83a602c00fbd33d44a4ce7b6a057741bb7336747dd96ef653511f4,0e7a4a16fc5a9c9e,ACCEPT,
73,وَلَا,وَلَا,وَ,لَا,,,,WORD_CLASS_DEFERRED,WORD_CLASS_DEFERRED,UNKNOWN,,,,,,,,,,,,,,,,[],False,,23,5,14,WORD_CLASS; RADICAL; PATTERN; BAB; MASDAR; DERIVATIVE; MORPHOSYNTAX; PARADIGM,,COMPOSITE,True,ORIGINAL_SURFACE NORMALIZED_SURFACE PROCLITIC_SLOTS SEGMENT_HOST PATH_DIRECTIVE_SLOT,WORD_CLASS_SLOT RADICAL_R1 RADICAL_R2 RADICAL_R3 RADICAL_R4 PATTERN_CANDIDATE_SET BAB_CANDIDATE_SET MASDAR_CANDIDATE_SET DERIVATIVE_CANDIDATE_SET NUMBER_SLOT GENDER_SLOT DEFINITENESS_SLOT LEMMA_SLOT PARADIGM_SLOT,DEFERRED,,GATE_REQUIRED,5ed7ea2aa88a18df4b3fca8aa1358fba99a3b8293264c77f4b790b5c9feffc6d,bd7fc03b64634dbe,ACCEPT,
74,يَأْبَ,يَءْبَ,,يَأْبَ,,FI3L,VERBAL_IMPERFECT,WORD_CLASS_ACCEPTED,,DEFERRED,,,FORM_I_IMPERFECT,,defer:root:two_consonant_form_unresolved,defer:root:assimilated_fa_unresolved; defer:wazn:no_hypothesis_built,,,,SG,M,3,IMPERFECT,JUSSIVE,ACTIVE,[],True,NUMBER_SLOT GENDER_SLOT,23,7,11,RADICAL; PATTERN; BAB; MASDAR; DERIVATIVE; PARADIGM,defer:root:assimilated_fa_unresolved; defer:wazn:no_hypothesis_built,COMPOSITE,True,ORIGINAL_SURFACE NORMALIZED_SURFACE SEGMENT_HOST PATH_DIRECTIVE_SLOT WORD_CLASS_SLOT NUMBER_SLOT GENDER_SLOT,RADICAL_R1 RADICAL_R2 RADICAL_R3 RADICAL_R4 PATTERN_CANDIDATE_SET BAB_CANDIDATE_SET MASDAR_CANDIDATE_SET DERIVATIVE_CANDIDATE_SET DEFINITENESS_SLOT LEMMA_SLOT PARADIGM_SLOT,LICENSED,,,47642ca193d47c3e5b40b6842983fb4a9d5e821e8ce4f0fbd5bf6a8fbbcfcf4f,940ec681df93811f,ACCEPT,
75,الشُّهَدَاءُ,ءَلشْشُهَدَاءُ,,شُّهَدَاءُ,,ISM,LEXICAL_NOUN,WORD_CLASS_ACCEPTED,WORD_CLASS_ACCEPTED,DEFERRED,,,,,defer:root:non_standard_consonant_count,defer:root:root_path_not_opened_by_pre_root; defer:wazn:no_hypothesis_built,,,,,,,,,,[],False,,23,5,13,RADICAL; PATTERN; BAB; MASDAR; DERIVATIVE; MORPHOSYNTAX; PARADIGM,defer:root:root_path_not_opened_by_pre_root; defer:wazn:no_hypothesis_built,COMPOSITE,True,ORIGINAL_SURFACE NORMALIZED_SURFACE SEGMENT_HOST PATH_DIRECTIVE_SLOT WORD_CLASS_SLOT,RADICAL_R1 RADICAL_R2 RADICAL_R3 RADICAL_R4 PATTERN_CANDIDATE_SET BAB_CANDIDATE_SET MASDAR_CANDIDATE_SET DERIVATIVE_CANDIDATE_SET NUMBER_SLOT GENDER_SLOT DEFINITENESS_SLOT LEMMA_SLOT PARADIGM_SLOT,DEFERRED,,REQUIRED_SLOT_EMPTY; gamma:REQUIRED_SLOT_EMPTY,c86640dd5fd61d28ef5cf517a2e476f1d36d9aa41c34e03344552a426f361762,29a961735b375fcf,DEFER,
76,إِذَا,ءِذَا,,إِذَا,,HARF,CLOSED_FUNCTION_WORD,WORD_CLASS_ACCEPTED,WORD_CLASS_ACCEPTED,UNKNOWN,,,,,,,,,,,,,,,,[],False,,23,5,13,RADICAL; PATTERN; BAB; MASDAR; DERIVATIVE; MORPHOSYNTAX; PARADIGM,,COMPOSITE,True,ORIGINAL_SURFACE NORMALIZED_SURFACE SEGMENT_HOST PATH_DIRECTIVE_SLOT WORD_CLASS_SLOT,RADICAL_R1 RADICAL_R2 RADICAL_R3 RADICAL_R4 PATTERN_CANDIDATE_SET BAB_CANDIDATE_SET MASDAR_CANDIDATE_SET DERIVATIVE_CANDIDATE_SET NUMBER_SLOT GENDER_SLOT DEFINITENESS_SLOT LEMMA_SLOT PARADIGM_SLOT,DEFERRED,,GATE_REQUIRED,8f3382051a4500e0260ca23a1ee1bd134606c2992baf1b3f76055e233a069f7d,641cbbff9b8079d6,ACCEPT,
77,مَا,مَا,,مَا,,HARF,CLOSED_FUNCTION_WORD,WORD_CLASS_ACCEPTED,WORD_CLASS_ACCEPTED,UNKNOWN,,,,,,,,,,,,,,,,[],False,,23,5,13,RADICAL; PATTERN; BAB; MASDAR; DERIVATIVE; MORPHOSYNTAX; PARADIGM,,COMPOSITE,True,ORIGINAL_SURFACE NORMALIZED_SURFACE SEGMENT_HOST PATH_DIRECTIVE_SLOT WORD_CLASS_SLOT,RADICAL_R1 RADICAL_R2 RADICAL_R3 RADICAL_R4 PATTERN_CANDIDATE_SET BAB_CANDIDATE_SET MASDAR_CANDIDATE_SET DERIVATIVE_CANDIDATE_SET NUMBER_SLOT GENDER_SLOT DEFINITENESS_SLOT LEMMA_SLOT PARADIGM_SLOT,DEFERRED,,GATE_REQUIRED,0623a3b28f563a4f21a1cb5708ed589f6af49b7bf44de2ea1c34d42237ef753c,70332ff9eb762c41,ACCEPT,
78,دُعُوا,دُعُوا,,دُعُوا,,ISM,LEXICAL_NOUN,WORD_CLASS_ACCEPTED,WORD_CLASS_ACCEPTED,AMBIGUOUS,,دوع/ديع,,وا,defer:root:two_consonant_form_unresolved,defer:root:root_path_not_opened_by_pre_root; defer:wazn:no_hypothesis_built,,,,,,,,,,[],False,,23,5,11,PATTERN; BAB; MASDAR; DERIVATIVE; MORPHOSYNTAX; PARADIGM,defer:root:root_path_not_opened_by_pre_root; defer:wazn:no_hypothesis_built,COMPOSITE,True,ORIGINAL_SURFACE NORMALIZED_SURFACE SEGMENT_HOST PATH_DIRECTIVE_SLOT WORD_CLASS_SLOT,RADICAL_R2 RADICAL_R3 PATTERN_CANDIDATE_SET BAB_CANDIDATE_SET MASDAR_CANDIDATE_SET DERIVATIVE_CANDIDATE_SET NUMBER_SLOT GENDER_SLOT DEFINITENESS_SLOT LEMMA_SLOT PARADIGM_SLOT,LICENSED,,,09332befd2c0e4f1c3771bf2d336a50bef5d4ab10b4f5a428611ed61cbd817e4,779cde039a0b8bbb,ACCEPT,
79,وَلَا,وَلَا,وَ,لَا,,,,WORD_CLASS_DEFERRED,WORD_CLASS_DEFERRED,UNKNOWN,,,,,,,,,,,,,,,,[],False,,23,5,14,WORD_CLASS; RADICAL; PATTERN; BAB; MASDAR; DERIVATIVE; MORPHOSYNTAX; PARADIGM,,COMPOSITE,True,ORIGINAL_SURFACE NORMALIZED_SURFACE PROCLITIC_SLOTS SEGMENT_HOST PATH_DIRECTIVE_SLOT,WORD_CLASS_SLOT RADICAL_R1 RADICAL_R2 RADICAL_R3 RADICAL_R4 PATTERN_CANDIDATE_SET BAB_CANDIDATE_SET MASDAR_CANDIDATE_SET DERIVATIVE_CANDIDATE_SET NUMBER_SLOT GENDER_SLOT DEFINITENESS_SLOT LEMMA_SLOT PARADIGM_SLOT,DEFERRED,,GATE_REQUIRED,5ed7ea2aa88a18df4b3fca8aa1358fba99a3b8293264c77f4b790b5c9feffc6d,821e4ed01b95335a,ACCEPT,
80,تَسْأَمُوا,تَسْءَمُوا,,تَسْأَمُوا,,FI3L,VERBAL_IMPERFECT,WORD_CLASS_ACCEPTED,,KNOWN,سءم,,FORM_I_IMPERFECT,وا,TRILATERAL_ROOT_ACCEPTED,defer:wazn:unlicensed_but_structural_augment,,,,PL,M,2,IMPERFECT,JUSSIVE,ACTIVE,[],True,NUMBER_SLOT GENDER_SLOT LEMMA_SLOT,23,11,6,PATTERN; BAB; MASDAR; DERIVATIVE,defer:wazn:unlicensed_but_structural_augment,COMPOSITE,True,ORIGINAL_SURFACE NORMALIZED_SURFACE SEGMENT_HOST PATH_DIRECTIVE_SLOT WORD_CLASS_SLOT RADICAL_R1 RADICAL_R2 RADICAL_R3 NUMBER_SLOT GENDER_SLOT LEMMA_SLOT,PATTERN_CANDIDATE_SET BAB_CANDIDATE_SET MASDAR_CANDIDATE_SET DERIVATIVE_CANDIDATE_SET DEFINITENESS_SLOT PARADIGM_SLOT,LICENSED,,,ff3925a07591c18bfd880fb9845ab5eeaf9f32982a9b41fc8a28318d1f929e2f,a281c3c224a711f0,ACCEPT,
81,أَنْ,ءَنْ,,أَنْ,,HARF,CLOSED_FUNCTION_WORD,WORD_CLASS_ACCEPTED,WORD_CLASS_ACCEPTED,UNKNOWN,,,,,,,,,,,,,,,,[],False,,23,5,13,RADICAL; PATTERN; BAB; MASDAR; DERIVATIVE; MORPHOSYNTAX; PARADIGM,,COMPOSITE,True,ORIGINAL_SURFACE NORMALIZED_SURFACE SEGMENT_HOST PATH_DIRECTIVE_SLOT WORD_CLASS_SLOT,RADICAL_R1 RADICAL_R2 RADICAL_R3 RADICAL_R4 PATTERN_CANDIDATE_SET BAB_CANDIDATE_SET MASDAR_CANDIDATE_SET DERIVATIVE_CANDIDATE_SET NUMBER_SLOT GENDER_SLOT DEFINITENESS_SLOT LEMMA_SLOT PARADIGM_SLOT,DEFERRED,,GATE_REQUIRED,5a82bd23d31dbfe327edca02dcd2d68d61e0251a8ed4783f10f3e7b01c4f2864,21ea7be30e9f32d7,ACCEPT,
82,تَكْتُبُوهُ,تَكْتُبُوهُ,,تَكْتُبُو,هُ,FI3L,VERBAL_IMPERFECT,WORD_CLASS_ACCEPTED,,KNOWN,كتب,,FORM_I_IMPERFECT,و,TRILATERAL_ROOT_ACCEPTED,defer:wazn:unlicensed_but_structural_augment,,,,PL,M,2,IMPERFECT,SUBJUNCTIVE,ACTIVE,[],True,NUMBER_SLOT GENDER_SLOT LEMMA_SLOT,23,12,6,PATTERN; BAB; MASDAR; DERIVATIVE,defer:wazn:unlicensed_but_structural_augment,COMPOSITE,True,ORIGINAL_SURFACE NORMALIZED_SURFACE SEGMENT_HOST ENCLITIC_SLOTS PATH_DIRECTIVE_SLOT WORD_CLASS_SLOT RADICAL_R1 RADICAL_R2 RADICAL_R3 NUMBER_SLOT GENDER_SLOT LEMMA_SLOT,PATTERN_CANDIDATE_SET BAB_CANDIDATE_SET MASDAR_CANDIDATE_SET DERIVATIVE_CANDIDATE_SET DEFINITENESS_SLOT PARADIGM_SLOT,LICENSED,,,c825e236c45dd8db849ac0b3e92606c03d4c1c0a393001be8003fe656cb7a9eb,a335a95d6cf02c79,ACCEPT,
83,صَغِيرًا,صَغِيرًا,,صَغِيرًا,,ISM,LEXICAL_NOUN,WORD_CLASS_ACCEPTED,WORD_CLASS_ACCEPTED,DEFERRED,,,,,defer:root:non_standard_consonant_count,defer:root:quadriliteral_beyond_scope; defer:wazn:no_hypothesis_built,,,,,,,,,,[],False,,23,5,13,RADICAL; PATTERN; BAB; MASDAR; DERIVATIVE; MORPHOSYNTAX; PARADIGM,defer:root:quadriliteral_beyond_scope; defer:wazn:no_hypothesis_built,COMPOSITE,True,ORIGINAL_SURFACE NORMALIZED_SURFACE SEGMENT_HOST PATH_DIRECTIVE_SLOT WORD_CLASS_SLOT,RADICAL_R1 RADICAL_R2 RADICAL_R3 RADICAL_R4 PATTERN_CANDIDATE_SET BAB_CANDIDATE_SET MASDAR_CANDIDATE_SET DERIVATIVE_CANDIDATE_SET NUMBER_SLOT GENDER_SLOT DEFINITENESS_SLOT LEMMA_SLOT PARADIGM_SLOT,LICENSED,,,56276b86f261649464510b4baaa08842ae133ec5e9eecc8fa144e47817aa548b,002f7a735d74019d,ACCEPT,
84,أَوْ,ءَوْ,,أَوْ,,HARF,CLOSED_FUNCTION_WORD,WORD_CLASS_ACCEPTED,WORD_CLASS_ACCEPTED,UNKNOWN,,,,,,,,,,,,,,,,[],False,,23,5,13,RADICAL; PATTERN; BAB; MASDAR; DERIVATIVE; MORPHOSYNTAX; PARADIGM,,COMPOSITE,True,ORIGINAL_SURFACE NORMALIZED_SURFACE SEGMENT_HOST PATH_DIRECTIVE_SLOT WORD_CLASS_SLOT,RADICAL_R1 RADICAL_R2 RADICAL_R3 RADICAL_R4 PATTERN_CANDIDATE_SET BAB_CANDIDATE_SET MASDAR_CANDIDATE_SET DERIVATIVE_CANDIDATE_SET NUMBER_SLOT GENDER_SLOT DEFINITENESS_SLOT LEMMA_SLOT PARADIGM_SLOT,DEFERRED,,GATE_REQUIRED,6fca13ca23715eae4e9a8ba114258ca12e91f2535b2ec2bca458f8039d663575,5a33935974651efa,ACCEPT,
85,كَبِيرًا,كَبِيرًا,,كَبِيرًا,,ISM,LEXICAL_NOUN,WORD_CLASS_ACCEPTED,WORD_CLASS_ACCEPTED,DEFERRED,,,,,defer:root:non_standard_consonant_count,defer:root:quadriliteral_beyond_scope; defer:wazn:no_hypothesis_built,,,,,,,,,,[],False,,23,5,13,RADICAL; PATTERN; BAB; MASDAR; DERIVATIVE; MORPHOSYNTAX; PARADIGM,defer:root:quadriliteral_beyond_scope; defer:wazn:no_hypothesis_built,COMPOSITE,True,ORIGINAL_SURFACE NORMALIZED_SURFACE SEGMENT_HOST PATH_DIRECTIVE_SLOT WORD_CLASS_SLOT,RADICAL_R1 RADICAL_R2 RADICAL_R3 RADICAL_R4 PATTERN_CANDIDATE_SET BAB_CANDIDATE_SET MASDAR_CANDIDATE_SET DERIVATIVE_CANDIDATE_SET NUMBER_SLOT GENDER_SLOT DEFINITENESS_SLOT LEMMA_SLOT PARADIGM_SLOT,LICENSED,,,17147bbb2732a45a17509c92c941ab82cc1343e5a0a7dc6bd9aa4616db47e020,53db6689bac9debc,ACCEPT,
86,إِلَى,ءِلَى,,إِلَى,,HARF,CLOSED_FUNCTION_WORD,WORD_CLASS_ACCEPTED,WORD_CLASS_ACCEPTED,UNKNOWN,,,,,,,,,,,,,,,,[],False,,23,5,13,RADICAL; PATTERN; BAB; MASDAR; DERIVATIVE; MORPHOSYNTAX; PARADIGM,,COMPOSITE,True,ORIGINAL_SURFACE NORMALIZED_SURFACE SEGMENT_HOST PATH_DIRECTIVE_SLOT WORD_CLASS_SLOT,RADICAL_R1 RADICAL_R2 RADICAL_R3 RADICAL_R4 PATTERN_CANDIDATE_SET BAB_CANDIDATE_SET MASDAR_CANDIDATE_SET DERIVATIVE_CANDIDATE_SET NUMBER_SLOT GENDER_SLOT DEFINITENESS_SLOT LEMMA_SLOT PARADIGM_SLOT,DEFERRED,,GATE_REQUIRED,5a52c777433de4bb0e45dfa39a906658f8e587c0523bd08960b048e20db90362,e5f6cf2df75b29ce,ACCEPT,
87,أَجَلِهِ,ءَجَلِهِ,,أَجَلِ,هِ,ISM,LEXICAL_NOUN,WORD_CLASS_ACCEPTED,WORD_CLASS_ACCEPTED,KNOWN,ءجل,,FORM_I,,TRILATERAL_ROOT_ACCEPTED,,FA_A_LA,,,,,,,,,[],False,,23,10,8,BAB; MASDAR; DERIVATIVE; MORPHOSYNTAX; PARADIGM,defer:bab:nominal_morphology_path; sami3i_required; transitivity_unknown; root_class_unknown,COMPOSITE,True,ORIGINAL_SURFACE NORMALIZED_SURFACE SEGMENT_HOST ENCLITIC_SLOTS PATH_DIRECTIVE_SLOT WORD_CLASS_SLOT RADICAL_R1 RADICAL_R2 RADICAL_R3 PATTERN_CANDIDATE_SET,BAB_CANDIDATE_SET MASDAR_CANDIDATE_SET DERIVATIVE_CANDIDATE_SET NUMBER_SLOT GENDER_SLOT DEFINITENESS_SLOT LEMMA_SLOT PARADIGM_SLOT,LICENSED,,,0c08a69136c9bdf4023fcc3f543f2643cc16695d7c455b14b1c137748f4c4a38,a891caff0be3cc98,ACCEPT,
88,ذَلِكُمْ,ذَلِكُمْ,,ذَلِكُمْ,,ISM,LEXICAL_NOUN,WORD_CLASS_ACCEPTED,WORD_CLASS_ACCEPTED,DEFERRED,,,,,defer:root:quadriliteral_beyond_scope,defer:root:root_path_not_opened_by_pre_root; defer:wazn:no_hypothesis_built,,,,,,,,,,[],False,,23,5,13,RADICAL; PATTERN; BAB; MASDAR; DERIVATIVE; MORPHOSYNTAX; PARADIGM,defer:root:root_path_not_opened_by_pre_root; defer:wazn:no_hypothesis_built,COMPOSITE,True,ORIGINAL_SURFACE NORMALIZED_SURFACE SEGMENT_HOST PATH_DIRECTIVE_SLOT WORD_CLASS_SLOT,RADICAL_R1 RADICAL_R2 RADICAL_R3 RADICAL_R4 PATTERN_CANDIDATE_SET BAB_CANDIDATE_SET MASDAR_CANDIDATE_SET DERIVATIVE_CANDIDATE_SET NUMBER_SLOT GENDER_SLOT DEFINITENESS_SLOT LEMMA_SLOT PARADIGM_SLOT,LICENSED,,,03b9ae80935e1234a9b7f16dc7ef1f83333400a73f223ee43498574e977a6a86,7888bb94d1e994d4,ACCEPT,
89,أَقْسَطُ,ءَقْسَطُ,,أَقْسَطُ,,ISM,LEXICAL_NOUN,WORD_CLASS_ACCEPTED,WORD_CLASS_ACCEPTED,KNOWN,قسط,,FORM_IV,,AUGMENTED_ROOT_ACCEPTED,,AF3AL,إِفْعَال,,,,,,,,[],False,,23,9,8,BAB; MASDAR; DERIVATIVE; MORPHOSYNTAX; PARADIGM,root_class_unknown,COMPOSITE,True,ORIGINAL_SURFACE NORMALIZED_SURFACE SEGMENT_HOST PATH_DIRECTIVE_SLOT WORD_CLASS_SLOT RADICAL_R1 RADICAL_R2 RADICAL_R3 PATTERN_CANDIDATE_SET,BAB_CANDIDATE_SET MASDAR_CANDIDATE_SET DERIVATIVE_CANDIDATE_SET NUMBER_SLOT GENDER_SLOT DEFINITENESS_SLOT LEMMA_SLOT PARADIGM_SLOT,LICENSED,,,ca8872a97a7be1b74bbeabe1a9ba837a781bffdd51c0c64a8c651aff62fa5f7b,7bee0553d1d43756,ACCEPT,
90,عِنْدَ,عِنْدَ,,عِنْدَ,,ISM,LEXICAL_NOUN,WORD_CLASS_ACCEPTED,WORD_CLASS_ACCEPTED,KNOWN,عند,,FORM_I,,TRILATERAL_ROOT_ACCEPTED,,FI3L,,,,,,,,,[],False,,23,9,8,BAB; MASDAR; DERIVATIVE; MORPHOSYNTAX; PARADIGM,bab:nominal:not_applicable; non_verbal_wazn,COMPOSITE,True,ORIGINAL_SURFACE NORMALIZED_SURFACE SEGMENT_HOST PATH_DIRECTIVE_SLOT WORD_CLASS_SLOT RADICAL_R1 RADICAL_R2 RADICAL_R3 PATTERN_CANDIDATE_SET,BAB_CANDIDATE_SET MASDAR_CANDIDATE_SET DERIVATIVE_CANDIDATE_SET NUMBER_SLOT GENDER_SLOT DEFINITENESS_SLOT LEMMA_SLOT PARADIGM_SLOT,LICENSED,,,dfc88f8f88481c51e83a93247b4bee691ef23ee26247bcc1c5bb9336b59ed485,9625da7560b4e8d0,ACCEPT,
91,اللَّهِ,ءَللْلَهِ,,اللَّهِ,,,,,WORD_CLASS_NOT_AVAILABLE,UNKNOWN,,,,,,,,,,,,,,,,[],False,,23,4,14,WORD_CLASS; RADICAL; PATTERN; BAB; MASDAR; DERIVATIVE; MORPHOSYNTAX; PARADIGM,,COMPOSITE,True,ORIGINAL_SURFACE NORMALIZED_SURFACE SEGMENT_HOST PATH_DIRECTIVE_SLOT,WORD_CLASS_SLOT RADICAL_R1 RADICAL_R2 RADICAL_R3 RADICAL_R4 PATTERN_CANDIDATE_SET BAB_CANDIDATE_SET MASDAR_CANDIDATE_SET DERIVATIVE_CANDIDATE_SET NUMBER_SLOT GENDER_SLOT DEFINITENESS_SLOT LEMMA_SLOT PARADIGM_SLOT,DEFERRED,,GATE_REQUIRED,00f26cfbbf15891abaf3ebcc4ccccb3f4741f8220b058b1423527a8a677ff27a,db9013e9edb00e14,ACCEPT,
92,وَأَقْوَمُ,وَءَقْوَمُ,وَ,أَقْوَمُ,,ISM,LEXICAL_NOUN,WORD_CLASS_ACCEPTED,WORD_CLASS_ACCEPTED,DEFERRED,,,FORM_IV,,WEAK_RADICAL_IN_AUGMENTED_ROOT:DEFER,defer:root:quadriliteral_beyond_scope; defer:wazn:no_hypothesis_built,أَفْعَلَ,,,,,,,,,[],False,,23,6,13,RADICAL; PATTERN; BAB; MASDAR; DERIVATIVE; MORPHOSYNTAX; PARADIGM,defer:root:quadriliteral_beyond_scope; defer:wazn:no_hypothesis_built,COMPOSITE,True,ORIGINAL_SURFACE NORMALIZED_SURFACE PROCLITIC_SLOTS SEGMENT_HOST PATH_DIRECTIVE_SLOT WORD_CLASS_SLOT,RADICAL_R1 RADICAL_R2 RADICAL_R3 RADICAL_R4 PATTERN_CANDIDATE_SET BAB_CANDIDATE_SET MASDAR_CANDIDATE_SET DERIVATIVE_CANDIDATE_SET NUMBER_SLOT GENDER_SLOT DEFINITENESS_SLOT LEMMA_SLOT PARADIGM_SLOT,LICENSED,,,54446266828c7a63890ff0dddd14777230b2406a4a143817364232b7fd99a08f,8fbcc64ab8e2d3da,ACCEPT,
93,لِلشَّهَادَةِ,لِلشْشَهَادَةِ,لِ,شَّهَادَةِ,,ISM,LEXICAL_NOUN,WORD_CLASS_ACCEPTED,WORD_CLASS_ACCEPTED,DEFERRED,,,,,defer:root:non_standard_consonant_count,defer:root:root_path_not_opened_by_pre_root; defer:wazn:no_hypothesis_built,,,,,,,,,,[],False,,23,6,13,RADICAL; PATTERN; BAB; MASDAR; DERIVATIVE; MORPHOSYNTAX; PARADIGM,defer:root:root_path_not_opened_by_pre_root; defer:wazn:no_hypothesis_built,COMPOSITE,True,ORIGINAL_SURFACE NORMALIZED_SURFACE PROCLITIC_SLOTS SEGMENT_HOST PATH_DIRECTIVE_SLOT WORD_CLASS_SLOT,RADICAL_R1 RADICAL_R2 RADICAL_R3 RADICAL_R4 PATTERN_CANDIDATE_SET BAB_CANDIDATE_SET MASDAR_CANDIDATE_SET DERIVATIVE_CANDIDATE_SET NUMBER_SLOT GENDER_SLOT DEFINITENESS_SLOT LEMMA_SLOT PARADIGM_SLOT,DEFERRED,,REQUIRED_SLOT_EMPTY; gamma:REQUIRED_SLOT_EMPTY,2bb31b643aacc6f77ac421f83cdc257a37139006377b6f65559e4a330f52a12e,4e937b4f0cdfb354,DEFER,
94,وَأَدْنَى,وَءَدْنَى,وَ,أَدْنَى,,ISM,LEXICAL_NOUN,WORD_CLASS_ACCEPTED,WORD_CLASS_ACCEPTED,DEFERRED,,,FORM_IV,,WEAK_RADICAL_IN_AUGMENTED_ROOT:DEFER,defer:root:quadriliteral_beyond_scope; defer:wazn:no_hypothesis_built,أَفْعَلَ,,,,,,,,,[],False,,23,6,13,RADICAL; PATTERN; BAB; MASDAR; DERIVATIVE; MORPHOSYNTAX; PARADIGM,defer:root:quadriliteral_beyond_scope; defer:wazn:no_hypothesis_built,COMPOSITE,True,ORIGINAL_SURFACE NORMALIZED_SURFACE PROCLITIC_SLOTS SEGMENT_HOST PATH_DIRECTIVE_SLOT WORD_CLASS_SLOT,RADICAL_R1 RADICAL_R2 RADICAL_R3 RADICAL_R4 PATTERN_CANDIDATE_SET BAB_CANDIDATE_SET MASDAR_CANDIDATE_SET DERIVATIVE_CANDIDATE_SET NUMBER_SLOT GENDER_SLOT DEFINITENESS_SLOT LEMMA_SLOT PARADIGM_SLOT,LICENSED,,,79104d7efbde7b5f751912cd28949e9b6ba6f8f3528cd603a514d8c938925e04,4973f4aa644a77d9,ACCEPT,
95,أَلَّا,ءَلْلَا,,أَلَّا,,ISM,LEXICAL_NOUN,WORD_CLASS_ACCEPTED,WORD_CLASS_ACCEPTED,UNKNOWN,,,FORM_VIII,,WEAK_RADICAL_IN_AUGMENTED_ROOT:DEFER,,اِفْتَعَلَ,,,,,,,,,[],False,,23,5,13,RADICAL; PATTERN; BAB; MASDAR; DERIVATIVE; MORPHOSYNTAX; PARADIGM,,COMPOSITE,True,ORIGINAL_SURFACE NORMALIZED_SURFACE SEGMENT_HOST PATH_DIRECTIVE_SLOT WORD_CLASS_SLOT,RADICAL_R1 RADICAL_R2 RADICAL_R3 RADICAL_R4 PATTERN_CANDIDATE_SET BAB_CANDIDATE_SET MASDAR_CANDIDATE_SET DERIVATIVE_CANDIDATE_SET NUMBER_SLOT GENDER_SLOT DEFINITENESS_SLOT LEMMA_SLOT PARADIGM_SLOT,DEFERRED,,GATE_REQUIRED,ee31f64df2b6de200138d2032234ce64aca1c0cb08e48c9dc045d8c364c30563,c71101058e962a1d,ACCEPT,
96,تَرْتَابُوا,تَرْتَابُوا,,تَرْتَابُوا,,FI3L,VERBAL_IMPERFECT,WORD_CLASS_ACCEPTED,,UNKNOWN,,,FORM_VIII,وا,WEAK_RADICAL_IN_AUGMENTED_ROOT:DEFER,,اِفْتَعَلَ,,,PL,M,2,IMPERFECT,SUBJUNCTIVE,ACTIVE,[],True,NUMBER_SLOT GENDER_SLOT,23,7,11,RADICAL; PATTERN; BAB; MASDAR; DERIVATIVE; PARADIGM,,COMPOSITE,True,ORIGINAL_SURFACE NORMALIZED_SURFACE SEGMENT_HOST PATH_DIRECTIVE_SLOT WORD_CLASS_SLOT NUMBER_SLOT GENDER_SLOT,RADICAL_R1 RADICAL_R2 RADICAL_R3 RADICAL_R4 PATTERN_CANDIDATE_SET BAB_CANDIDATE_SET MASDAR_CANDIDATE_SET DERIVATIVE_CANDIDATE_SET DEFINITENESS_SLOT LEMMA_SLOT PARADIGM_SLOT,LICENSED,,,95f057b879a0f0844b68708e2a657d4674c8bf77e084269a45f7aab5fab2c5a6,832bc087e2d2ba22,ACCEPT,
97,إِلَّا,ءِلْلَا,,إِلَّا,,HARF,CLOSED_FUNCTION_WORD,WORD_CLASS_ACCEPTED,WORD_CLASS_ACCEPTED,UNKNOWN,,,,,,,,,,,,,,,,[],False,,23,5,13,RADICAL; PATTERN; BAB; MASDAR; DERIVATIVE; MORPHOSYNTAX; PARADIGM,,COMPOSITE,True,ORIGINAL_SURFACE NORMALIZED_SURFACE SEGMENT_HOST PATH_DIRECTIVE_SLOT WORD_CLASS_SLOT,RADICAL_R1 RADICAL_R2 RADICAL_R3 RADICAL_R4 PATTERN_CANDIDATE_SET BAB_CANDIDATE_SET MASDAR_CANDIDATE_SET DERIVATIVE_CANDIDATE_SET NUMBER_SLOT GENDER_SLOT DEFINITENESS_SLOT LEMMA_SLOT PARADIGM_SLOT,DEFERRED,,GATE_REQUIRED,c9395f36198d9eb7fa719305abd2f7ef9a8cd1e9839232bd006b2bab0ad6cec1,47f9610e3bfcdb31,ACCEPT,
98,أَنْ,ءَنْ,,أَنْ,,HARF,CLOSED_FUNCTION_WORD,WORD_CLASS_ACCEPTED,WORD_CLASS_ACCEPTED,UNKNOWN,,,,,,,,,,,,,,,,[],False,,23,5,13,RADICAL; PATTERN; BAB; MASDAR; DERIVATIVE; MORPHOSYNTAX; PARADIGM,,COMPOSITE,True,ORIGINAL_SURFACE NORMALIZED_SURFACE SEGMENT_HOST PATH_DIRECTIVE_SLOT WORD_CLASS_SLOT,RADICAL_R1 RADICAL_R2 RADICAL_R3 RADICAL_R4 PATTERN_CANDIDATE_SET BAB_CANDIDATE_SET MASDAR_CANDIDATE_SET DERIVATIVE_CANDIDATE_SET NUMBER_SLOT GENDER_SLOT DEFINITENESS_SLOT LEMMA_SLOT PARADIGM_SLOT,DEFERRED,,GATE_REQUIRED,5a82bd23d31dbfe327edca02dcd2d68d61e0251a8ed4783f10f3e7b01c4f2864,e292673cf009ead5,ACCEPT,
99,تَكُونَ,تَكُونَ,,تَكُونَ,,FI3L,VERBAL_IMPERFECT,WORD_CLASS_ACCEPTED,,DEFERRED,,,,ُونَ,defer:root:two_consonant_form_unresolved,defer:root:root_path_not_opened_by_pre_root; defer:wazn:no_hypothesis_built,,,,SG,F,3,IMPERFECT,SUBJUNCTIVE,ACTIVE,"[{""gender"": ""M"", ""number"": ""SG"", ""person"": ""2"", ""reading"": ""2MS""}, {""gender"": ""F"", ""number"": ""SG"", ""person"": ""3"", ""reading"": ""3FS""}]",True,NUMBER_SLOT GENDER_SLOT,23,7,11,RADICAL; PATTERN; BAB; MASDAR; DERIVATIVE; PARADIGM,defer:root:root_path_not_opened_by_pre_root; defer:wazn:no_hypothesis_built,COMPOSITE,True,ORIGINAL_SURFACE NORMALIZED_SURFACE SEGMENT_HOST PATH_DIRECTIVE_SLOT WORD_CLASS_SLOT NUMBER_SLOT GENDER_SLOT,RADICAL_R1 RADICAL_R2 RADICAL_R3 RADICAL_R4 PATTERN_CANDIDATE_SET BAB_CANDIDATE_SET MASDAR_CANDIDATE_SET DERIVATIVE_CANDIDATE_SET DEFINITENESS_SLOT LEMMA_SLOT PARADIGM_SLOT,LICENSED,,,19735d1db11bb09d084638e96042e12325835d9c8d1f17288132572895bd58dc,a06926caa64fb23c,ACCEPT,
100,تِجَارَةً,تِجَارَةً,,تِجَارَةً,,ISM,MASDAR,WORD_CLASS_ACCEPTED,WORD_CLASS_ACCEPTED,KNOWN,جرة,,FORM_III,,AUGMENTED_ROOT_ACCEPTED,,FA3ALA,مُفَاعَلَة,,,,,,,,[],False,,23,9,8,BAB; MASDAR; DERIVATIVE; MORPHOSYNTAX; PARADIGM,defer:bab:nominal_morphology_path; bab_unconfirmed; transitivity_unknown; root_class_unknown,COMPOSITE,True,ORIGINAL_SURFACE NORMALIZED_SURFACE SEGMENT_HOST PATH_DIRECTIVE_SLOT WORD_CLASS_SLOT RADICAL_R1 RADICAL_R2 RADICAL_R3 PATTERN_CANDIDATE_SET,BAB_CANDIDATE_SET MASDAR_CANDIDATE_SET DERIVATIVE_CANDIDATE_SET NUMBER_SLOT GENDER_SLOT DEFINITENESS_SLOT LEMMA_SLOT PARADIGM_SLOT,LICENSED,,,80b53690e95b30b8ef3846cc8f905151ea81b5ff80677570480a3d866f634fbf,66271269902bb2cc,ACCEPT,
101,حَاضِرَةً,حَاضِرَةً,,حَاضِرَةً,,ISM,LEXICAL_NOUN,WORD_CLASS_ACCEPTED,WORD_CLASS_ACCEPTED,KNOWN,حضر,,FA3IL_PARTICIPLE,,AUGMENTED_ROOT_ACCEPTED,,FA3IL,,,,,,,,,[],False,,23,9,8,BAB; MASDAR; DERIVATIVE; MORPHOSYNTAX; PARADIGM,defer:bab:nominal_morphology_path; no_masdar_candidate; transitivity_unknown; root_class_unknown,COMPOSITE,True,ORIGINAL_SURFACE NORMALIZED_SURFACE SEGMENT_HOST PATH_DIRECTIVE_SLOT WORD_CLASS_SLOT RADICAL_R1 RADICAL_R2 RADICAL_R3 PATTERN_CANDIDATE_SET,BAB_CANDIDATE_SET MASDAR_CANDIDATE_SET DERIVATIVE_CANDIDATE_SET NUMBER_SLOT GENDER_SLOT DEFINITENESS_SLOT LEMMA_SLOT PARADIGM_SLOT,LICENSED,,,f375929211061dc10efd71a1e1459930dc66038f26a4c0365139a5caa4db2387,d5c5c9d5baa7bf5b,ACCEPT,
102,تُدِيرُونَهَا,تُدِيرُونَهَا,,تُدِيرُونَ,هَا,FI3L,VERBAL_IMPERFECT,WORD_CLASS_ACCEPTED,,KNOWN,دور,,FORM_IV,ُونَ,FORM_IV_HOLLOW_IMPERFECT_ACCEPTED,defer:wazn:catalog_pattern_not_licensed,أَفْعَلَ,,,PL,M,2,IMPERFECT,INDICATIVE,ACTIVE,[],True,NUMBER_SLOT GENDER_SLOT LEMMA_SLOT,23,12,6,PATTERN; BAB; MASDAR; DERIVATIVE,defer:wazn:catalog_pattern_not_licensed,COMPOSITE,True,ORIGINAL_SURFACE NORMALIZED_SURFACE SEGMENT_HOST ENCLITIC_SLOTS PATH_DIRECTIVE_SLOT WORD_CLASS_SLOT RADICAL_R1 RADICAL_R2 RADICAL_R3 NUMBER_SLOT GENDER_SLOT LEMMA_SLOT,PATTERN_CANDIDATE_SET BAB_CANDIDATE_SET MASDAR_CANDIDATE_SET DERIVATIVE_CANDIDATE_SET DEFINITENESS_SLOT PARADIGM_SLOT,LICENSED,,,b2b4e6fc91eff17a1cc1c8de603e9e9ff2e5154d0f621142d95d8cc715e08fc2,6d96c855bbc00e3c,ACCEPT,
103,بَيْنَكُمْ,بَيْنَكُمْ,,بَيْنَ,كُمْ,ISM,LEXICAL_NOUN,WORD_CLASS_ACCEPTED,WORD_CLASS_ACCEPTED,KNOWN,بين,,FORM_I,,TRILATERAL_ROOT_ACCEPTED,,FA3L,,,,,,,,,[],False,,23,10,8,BAB; MASDAR; DERIVATIVE; MORPHOSYNTAX; PARADIGM,bab:nominal:not_applicable; non_verbal_wazn,COMPOSITE,True,ORIGINAL_SURFACE NORMALIZED_SURFACE SEGMENT_HOST ENCLITIC_SLOTS PATH_DIRECTIVE_SLOT WORD_CLASS_SLOT RADICAL_R1 RADICAL_R2 RADICAL_R3 PATTERN_CANDIDATE_SET,BAB_CANDIDATE_SET MASDAR_CANDIDATE_SET DERIVATIVE_CANDIDATE_SET NUMBER_SLOT GENDER_SLOT DEFINITENESS_SLOT LEMMA_SLOT PARADIGM_SLOT,LICENSED,,,cc6a64f079007d9eada4394014a200bebd480d820a00df0b1e2a9b5822fec5e0,0d9a4f9ff415494a,ACCEPT,
104,فَلَيْسَ,فَلَيْسَ,فَ,لَيْسَ,,,,WORD_CLASS_DEFERRED,WORD_CLASS_DEFERRED,UNKNOWN,,,,,,,,,,,,,,,,[],False,,23,5,14,WORD_CLASS; RADICAL; PATTERN; BAB; MASDAR; DERIVATIVE; MORPHOSYNTAX; PARADIGM,,COMPOSITE,True,ORIGINAL_SURFACE NORMALIZED_SURFACE PROCLITIC_SLOTS SEGMENT_HOST PATH_DIRECTIVE_SLOT,WORD_CLASS_SLOT RADICAL_R1 RADICAL_R2 RADICAL_R3 RADICAL_R4 PATTERN_CANDIDATE_SET BAB_CANDIDATE_SET MASDAR_CANDIDATE_SET DERIVATIVE_CANDIDATE_SET NUMBER_SLOT GENDER_SLOT DEFINITENESS_SLOT LEMMA_SLOT PARADIGM_SLOT,DEFERRED,,GATE_REQUIRED,143b6d7fa84b0c014038845c43436eed9212172a85da3ae190f6c3a9b0b5b143,6515bc5ce4803643,ACCEPT,
105,عَلَيْكُمْ,عَلَيْكُمْ,,عَلَيْ,كُمْ,ISM,LEXICAL_NOUN,WORD_CLASS_ACCEPTED,WORD_CLASS_ACCEPTED,DEFERRED,,,,,defer:root:defective_lam_unresolved,defer:root:defective_lam_unresolved; defer:wazn:no_hypothesis_built,,,,,,,,,,[],False,,23,6,13,RADICAL; PATTERN; BAB; MASDAR; DERIVATIVE; MORPHOSYNTAX; PARADIGM,defer:root:defective_lam_unresolved; defer:wazn:no_hypothesis_built,COMPOSITE,True,ORIGINAL_SURFACE NORMALIZED_SURFACE SEGMENT_HOST ENCLITIC_SLOTS PATH_DIRECTIVE_SLOT WORD_CLASS_SLOT,RADICAL_R1 RADICAL_R2 RADICAL_R3 RADICAL_R4 PATTERN_CANDIDATE_SET BAB_CANDIDATE_SET MASDAR_CANDIDATE_SET DERIVATIVE_CANDIDATE_SET NUMBER_SLOT GENDER_SLOT DEFINITENESS_SLOT LEMMA_SLOT PARADIGM_SLOT,LICENSED,,,daafb10700191491ef72bba1f60f6042c562326ab6c574d695992017c6a2b556,6d941163412d6cf7,ACCEPT,
106,جُنَاحٌ,جُنَاحٌ,,جُنَاحٌ,,ISM,LEXICAL_NOUN,WORD_CLASS_ACCEPTED,WORD_CLASS_ACCEPTED,DEFERRED,,,,,defer:root:quadriliteral_beyond_scope,defer:root:quadriliteral_beyond_scope; defer:wazn:no_hypothesis_built,,,,,,,,,,[],False,,23,5,13,RADICAL; PATTERN; BAB; MASDAR; DERIVATIVE; MORPHOSYNTAX; PARADIGM,defer:root:quadriliteral_beyond_scope; defer:wazn:no_hypothesis_built,COMPOSITE,True,ORIGINAL_SURFACE NORMALIZED_SURFACE SEGMENT_HOST PATH_DIRECTIVE_SLOT WORD_CLASS_SLOT,RADICAL_R1 RADICAL_R2 RADICAL_R3 RADICAL_R4 PATTERN_CANDIDATE_SET BAB_CANDIDATE_SET MASDAR_CANDIDATE_SET DERIVATIVE_CANDIDATE_SET NUMBER_SLOT GENDER_SLOT DEFINITENESS_SLOT LEMMA_SLOT PARADIGM_SLOT,LICENSED,,,c18f6e343a1a6fcc29cf88dc0d3ab21d5bb7a763e0f3012d104945468af623ba,f3cb8da0173d8fbb,ACCEPT,
107,أَلَّا,ءَلْلَا,,أَلَّا,,ISM,LEXICAL_NOUN,WORD_CLASS_ACCEPTED,WORD_CLASS_ACCEPTED,UNKNOWN,,,FORM_VIII,,WEAK_RADICAL_IN_AUGMENTED_ROOT:DEFER,,اِفْتَعَلَ,,,,,,,,,[],False,,23,5,13,RADICAL; PATTERN; BAB; MASDAR; DERIVATIVE; MORPHOSYNTAX; PARADIGM,,COMPOSITE,True,ORIGINAL_SURFACE NORMALIZED_SURFACE SEGMENT_HOST PATH_DIRECTIVE_SLOT WORD_CLASS_SLOT,RADICAL_R1 RADICAL_R2 RADICAL_R3 RADICAL_R4 PATTERN_CANDIDATE_SET BAB_CANDIDATE_SET MASDAR_CANDIDATE_SET DERIVATIVE_CANDIDATE_SET NUMBER_SLOT GENDER_SLOT DEFINITENESS_SLOT LEMMA_SLOT PARADIGM_SLOT,DEFERRED,,GATE_REQUIRED,ee31f64df2b6de200138d2032234ce64aca1c0cb08e48c9dc045d8c364c30563,7d2f8ac960c42dd0,ACCEPT,
108,تَكْتُبُوهَا,تَكْتُبُوهَا,,تَكْتُبُو,هَا,FI3L,VERBAL_IMPERFECT,WORD_CLASS_ACCEPTED,,KNOWN,كتب,,FORM_I_IMPERFECT,و,TRILATERAL_ROOT_ACCEPTED,defer:wazn:unlicensed_but_structural_augment,,,,PL,M,2,IMPERFECT,SUBJUNCTIVE,ACTIVE,[],True,NUMBER_SLOT GENDER_SLOT LEMMA_SLOT,23,12,6,PATTERN; BAB; MASDAR; DERIVATIVE,defer:wazn:unlicensed_but_structural_augment,COMPOSITE,True,ORIGINAL_SURFACE NORMALIZED_SURFACE SEGMENT_HOST ENCLITIC_SLOTS PATH_DIRECTIVE_SLOT WORD_CLASS_SLOT RADICAL_R1 RADICAL_R2 RADICAL_R3 NUMBER_SLOT GENDER_SLOT LEMMA_SLOT,PATTERN_CANDIDATE_SET BAB_CANDIDATE_SET MASDAR_CANDIDATE_SET DERIVATIVE_CANDIDATE_SET DEFINITENESS_SLOT PARADIGM_SLOT,LICENSED,,,20c620d34a0526fe2b30354bd6329949f250e6aa00dba1ffeea9441590968b70,4b55416f6518870c,ACCEPT,
109,وَأَشْهِدُوا,وَءَشْهِدُوا,وَ,أَشْهِدُوا,,FI3L,VERBAL_IMPERATIVE,WORD_CLASS_ACCEPTED,,KNOWN,شهد,,FORM_IV,وا,AUGMENTED_ROOT_ACCEPTED,,AF3AL,إِفْعَال,,PL,M,2,IMPERATIVE,NOT_APPLICABLE,ACTIVE,[],True,NUMBER_SLOT GENDER_SLOT,23,12,6,BAB; MASDAR; DERIVATIVE; PARADIGM,root_class_unknown,COMPOSITE,True,ORIGINAL_SURFACE NORMALIZED_SURFACE PROCLITIC_SLOTS SEGMENT_HOST PATH_DIRECTIVE_SLOT WORD_CLASS_SLOT RADICAL_R1 RADICAL_R2 RADICAL_R3 PATTERN_CANDIDATE_SET NUMBER_SLOT GENDER_SLOT,BAB_CANDIDATE_SET MASDAR_CANDIDATE_SET DERIVATIVE_CANDIDATE_SET DEFINITENESS_SLOT LEMMA_SLOT PARADIGM_SLOT,LICENSED,,,53b1a4564df091c1e7311fb37a9da7642b0d25d6cb0f758896a864e81bdd5703,92f40cfc574c593d,ACCEPT,
110,إِذَا,ءِذَا,,إِذَا,,HARF,CLOSED_FUNCTION_WORD,WORD_CLASS_ACCEPTED,WORD_CLASS_ACCEPTED,UNKNOWN,,,,,,,,,,,,,,,,[],False,,23,5,13,RADICAL; PATTERN; BAB; MASDAR; DERIVATIVE; MORPHOSYNTAX; PARADIGM,,COMPOSITE,True,ORIGINAL_SURFACE NORMALIZED_SURFACE SEGMENT_HOST PATH_DIRECTIVE_SLOT WORD_CLASS_SLOT,RADICAL_R1 RADICAL_R2 RADICAL_R3 RADICAL_R4 PATTERN_CANDIDATE_SET BAB_CANDIDATE_SET MASDAR_CANDIDATE_SET DERIVATIVE_CANDIDATE_SET NUMBER_SLOT GENDER_SLOT DEFINITENESS_SLOT LEMMA_SLOT PARADIGM_SLOT,DEFERRED,,GATE_REQUIRED,8f3382051a4500e0260ca23a1ee1bd134606c2992baf1b3f76055e233a069f7d,e58d9bea2ad49df0,ACCEPT,
111,تَبَايَعْتُمْ,تَبَايَعْتُمْ,,تَبَايَعْتُمْ,,FI3L,VERBAL_PAST,WORD_CLASS_ACCEPTED,,DEFERRED,,,FORM_VI,تُمْ,WEAK_RADICAL_IN_AUGMENTED_ROOT:DEFER,defer:root:non_standard_consonant_count; defer:root:augmented_form_beyond_scope; defer:wazn:no_hypothesis_built,تَفَاعَلَ,,,PL,M,2,PAST,NOT_APPLICABLE,ACTIVE,[],True,NUMBER_SLOT GENDER_SLOT,23,7,11,RADICAL; PATTERN; BAB; MASDAR; DERIVATIVE; PARADIGM,defer:root:non_standard_consonant_count; defer:root:augmented_form_beyond_scope; defer:wazn:no_hypothesis_built,COMPOSITE,True,ORIGINAL_SURFACE NORMALIZED_SURFACE SEGMENT_HOST PATH_DIRECTIVE_SLOT WORD_CLASS_SLOT NUMBER_SLOT GENDER_SLOT,RADICAL_R1 RADICAL_R2 RADICAL_R3 RADICAL_R4 PATTERN_CANDIDATE_SET BAB_CANDIDATE_SET MASDAR_CANDIDATE_SET DERIVATIVE_CANDIDATE_SET DEFINITENESS_SLOT LEMMA_SLOT PARADIGM_SLOT,LICENSED,,,8c7b9082c676bfffca3d00466f11e1804912dcd94dcb8fe3e56de13557bfc2c0,fd0d45297b352fea,ACCEPT,
112,وَلَا,وَلَا,وَ,لَا,,,,WORD_CLASS_DEFERRED,WORD_CLASS_DEFERRED,UNKNOWN,,,,,,,,,,,,,,,,[],False,,23,5,14,WORD_CLASS; RADICAL; PATTERN; BAB; MASDAR; DERIVATIVE; MORPHOSYNTAX; PARADIGM,,COMPOSITE,True,ORIGINAL_SURFACE NORMALIZED_SURFACE PROCLITIC_SLOTS SEGMENT_HOST PATH_DIRECTIVE_SLOT,WORD_CLASS_SLOT RADICAL_R1 RADICAL_R2 RADICAL_R3 RADICAL_R4 PATTERN_CANDIDATE_SET BAB_CANDIDATE_SET MASDAR_CANDIDATE_SET DERIVATIVE_CANDIDATE_SET NUMBER_SLOT GENDER_SLOT DEFINITENESS_SLOT LEMMA_SLOT PARADIGM_SLOT,DEFERRED,,GATE_REQUIRED,5ed7ea2aa88a18df4b3fca8aa1358fba99a3b8293264c77f4b790b5c9feffc6d,9c13e1f46aae3085,ACCEPT,
113,يُضَارَّ,يُضَارْرَ,,يُضَارَّ,,FI3L,VERBAL_IMPERFECT,WORD_CLASS_ACCEPTED,,DEFERRED,,,FORM_I_IMPERFECT,,defer:root:quadriliteral_beyond_scope,defer:root:non_standard_consonant_count; defer:root:augmented_form_beyond_scope; defer:wazn:no_hypothesis_built,,,,SG,M,3,IMPERFECT,JUSSIVE,PASSIVE,[],True,NUMBER_SLOT GENDER_SLOT,23,7,11,RADICAL; PATTERN; BAB; MASDAR; DERIVATIVE; PARADIGM,defer:root:non_standard_consonant_count; defer:root:augmented_form_beyond_scope; defer:wazn:no_hypothesis_built,COMPOSITE,True,ORIGINAL_SURFACE NORMALIZED_SURFACE SEGMENT_HOST PATH_DIRECTIVE_SLOT WORD_CLASS_SLOT NUMBER_SLOT GENDER_SLOT,RADICAL_R1 RADICAL_R2 RADICAL_R3 RADICAL_R4 PATTERN_CANDIDATE_SET BAB_CANDIDATE_SET MASDAR_CANDIDATE_SET DERIVATIVE_CANDIDATE_SET DEFINITENESS_SLOT LEMMA_SLOT PARADIGM_SLOT,LICENSED,,,fc3fefb94852af4a8b13be1d05d06e8c6b34ef7a2137480d7795a5dc2a214f64,15b5f09caf9c2f53,ACCEPT,
114,كَاتِبٌ,كَاتِبٌ,,كَاتِبٌ,,ISM,LEXICAL_NOUN,WORD_CLASS_ACCEPTED,WORD_CLASS_ACCEPTED,KNOWN,كتب,,FA3IL_PARTICIPLE,,AUGMENTED_ROOT_ACCEPTED,,FA3IL,,,,,,,,,[],False,,23,9,8,BAB; MASDAR; DERIVATIVE; MORPHOSYNTAX; PARADIGM,defer:bab:nominal_morphology_path; no_masdar_candidate; transitivity_unknown; root_class_unknown,COMPOSITE,True,ORIGINAL_SURFACE NORMALIZED_SURFACE SEGMENT_HOST PATH_DIRECTIVE_SLOT WORD_CLASS_SLOT RADICAL_R1 RADICAL_R2 RADICAL_R3 PATTERN_CANDIDATE_SET,BAB_CANDIDATE_SET MASDAR_CANDIDATE_SET DERIVATIVE_CANDIDATE_SET NUMBER_SLOT GENDER_SLOT DEFINITENESS_SLOT LEMMA_SLOT PARADIGM_SLOT,LICENSED,,,bcc4902305a17b22d59bc4a8ba543380e7a828e166edc3e424411ba6e8caebe7,f4b74dc08067d9d1,ACCEPT,
115,وَلَا,وَلَا,وَ,لَا,,,,WORD_CLASS_DEFERRED,WORD_CLASS_DEFERRED,UNKNOWN,,,,,,,,,,,,,,,,[],False,,23,5,14,WORD_CLASS; RADICAL; PATTERN; BAB; MASDAR; DERIVATIVE; MORPHOSYNTAX; PARADIGM,,COMPOSITE,True,ORIGINAL_SURFACE NORMALIZED_SURFACE PROCLITIC_SLOTS SEGMENT_HOST PATH_DIRECTIVE_SLOT,WORD_CLASS_SLOT RADICAL_R1 RADICAL_R2 RADICAL_R3 RADICAL_R4 PATTERN_CANDIDATE_SET BAB_CANDIDATE_SET MASDAR_CANDIDATE_SET DERIVATIVE_CANDIDATE_SET NUMBER_SLOT GENDER_SLOT DEFINITENESS_SLOT LEMMA_SLOT PARADIGM_SLOT,DEFERRED,,GATE_REQUIRED,5ed7ea2aa88a18df4b3fca8aa1358fba99a3b8293264c77f4b790b5c9feffc6d,27f2044a805971ba,ACCEPT,
116,شَهِيدٌ,شَهِيدٌ,,شَهِيدٌ,,ISM,LEXICAL_NOUN,WORD_CLASS_ACCEPTED,WORD_CLASS_ACCEPTED,DEFERRED,,,,,defer:root:quadriliteral_beyond_scope,defer:root:quadriliteral_beyond_scope; defer:wazn:no_hypothesis_built,,,,,,,,,,[],False,,23,5,13,RADICAL; PATTERN; BAB; MASDAR; DERIVATIVE; MORPHOSYNTAX; PARADIGM,defer:root:quadriliteral_beyond_scope; defer:wazn:no_hypothesis_built,COMPOSITE,True,ORIGINAL_SURFACE NORMALIZED_SURFACE SEGMENT_HOST PATH_DIRECTIVE_SLOT WORD_CLASS_SLOT,RADICAL_R1 RADICAL_R2 RADICAL_R3 RADICAL_R4 PATTERN_CANDIDATE_SET BAB_CANDIDATE_SET MASDAR_CANDIDATE_SET DERIVATIVE_CANDIDATE_SET NUMBER_SLOT GENDER_SLOT DEFINITENESS_SLOT LEMMA_SLOT PARADIGM_SLOT,LICENSED,,,3560ac76d4ccb5f47ea3a8e6747018fe8f41abb39ae8ae59e765ea4abc5cc313,3ce24a60f6b17403,ACCEPT,
117,وَإِنْ,وَءِنْ,وَ,إِنْ,,,,WORD_CLASS_DEFERRED,WORD_CLASS_DEFERRED,UNKNOWN,,,,,,,,,,,,,,,,[],False,,23,5,14,WORD_CLASS; RADICAL; PATTERN; BAB; MASDAR; DERIVATIVE; MORPHOSYNTAX; PARADIGM,,COMPOSITE,True,ORIGINAL_SURFACE NORMALIZED_SURFACE PROCLITIC_SLOTS SEGMENT_HOST PATH_DIRECTIVE_SLOT,WORD_CLASS_SLOT RADICAL_R1 RADICAL_R2 RADICAL_R3 RADICAL_R4 PATTERN_CANDIDATE_SET BAB_CANDIDATE_SET MASDAR_CANDIDATE_SET DERIVATIVE_CANDIDATE_SET NUMBER_SLOT GENDER_SLOT DEFINITENESS_SLOT LEMMA_SLOT PARADIGM_SLOT,DEFERRED,,GATE_REQUIRED,246941f3c7d5e26754dc6ec497d334915de162d352912269166a858da6880712,ce459c2f848c48d9,ACCEPT,
118,تَفْعَلُوا,تَفْعَلُوا,,تَفْعَلُوا,,FI3L,VERBAL_IMPERFECT,WORD_CLASS_ACCEPTED,,KNOWN,فعل,,FORM_I_IMPERFECT,وا,TRILATERAL_ROOT_ACCEPTED,defer:wazn:unlicensed_but_structural_augment,,,,PL,M,2,IMPERFECT,JUSSIVE,ACTIVE,[],True,NUMBER_SLOT GENDER_SLOT LEMMA_SLOT,23,11,6,PATTERN; BAB; MASDAR; DERIVATIVE,defer:wazn:unlicensed_but_structural_augment,COMPOSITE,True,ORIGINAL_SURFACE NORMALIZED_SURFACE SEGMENT_HOST PATH_DIRECTIVE_SLOT WORD_CLASS_SLOT RADICAL_R1 RADICAL_R2 RADICAL_R3 NUMBER_SLOT GENDER_SLOT LEMMA_SLOT,PATTERN_CANDIDATE_SET BAB_CANDIDATE_SET MASDAR_CANDIDATE_SET DERIVATIVE_CANDIDATE_SET DEFINITENESS_SLOT PARADIGM_SLOT,LICENSED,,,657ba7b1fada46a31bd95bdf65045ae004176e262a9e9dd57cf307d27595b93d,75f789aa81471a72,ACCEPT,
119,فَإِنَّهُ,فَءِنْنَهُ,,فَإِنَّ,هُ,,,WORD_CLASS_DEFERRED,WORD_CLASS_DEFERRED,UNKNOWN,,,,,,,,,,,,,,,,[],False,,23,5,14,WORD_CLASS; RADICAL; PATTERN; BAB; MASDAR; DERIVATIVE; MORPHOSYNTAX; PARADIGM,,COMPOSITE,True,ORIGINAL_SURFACE NORMALIZED_SURFACE SEGMENT_HOST ENCLITIC_SLOTS PATH_DIRECTIVE_SLOT,WORD_CLASS_SLOT RADICAL_R1 RADICAL_R2 RADICAL_R3 RADICAL_R4 PATTERN_CANDIDATE_SET BAB_CANDIDATE_SET MASDAR_CANDIDATE_SET DERIVATIVE_CANDIDATE_SET NUMBER_SLOT GENDER_SLOT DEFINITENESS_SLOT LEMMA_SLOT PARADIGM_SLOT,DEFERRED,,GATE_REQUIRED,4e16f40fd6dc07f738c200dc8a71383eb49e0e26f1bc093e2c3a8b2aab1ce260,1c7be749c4d3a8fe,ACCEPT,
120,فُسُوقٌ,فُسُوقٌ,,فُسُوقٌ,,ISM,LEXICAL_NOUN,WORD_CLASS_ACCEPTED,WORD_CLASS_ACCEPTED,DEFERRED,,,,,defer:root:quadriliteral_beyond_scope,defer:root:quadriliteral_beyond_scope; defer:wazn:no_hypothesis_built,,,,,,,,,,[],False,,23,5,13,RADICAL; PATTERN; BAB; MASDAR; DERIVATIVE; MORPHOSYNTAX; PARADIGM,defer:root:quadriliteral_beyond_scope; defer:wazn:no_hypothesis_built,COMPOSITE,True,ORIGINAL_SURFACE NORMALIZED_SURFACE SEGMENT_HOST PATH_DIRECTIVE_SLOT WORD_CLASS_SLOT,RADICAL_R1 RADICAL_R2 RADICAL_R3 RADICAL_R4 PATTERN_CANDIDATE_SET BAB_CANDIDATE_SET MASDAR_CANDIDATE_SET DERIVATIVE_CANDIDATE_SET NUMBER_SLOT GENDER_SLOT DEFINITENESS_SLOT LEMMA_SLOT PARADIGM_SLOT,LICENSED,,,aa6826e9294acdb75f6d268cfc0f5418f748acfadc2ecf6c37e6cc9619a06cbf,8a149710f32d7561,ACCEPT,
121,بِكُمْ,بِكُمْ,بِ,,كُمْ,,,,SEGMENTATION_NO_LEXICAL_HOST,UNKNOWN,,,,,,,,,,,,,,,,[],False,,23,4,15,WORD_CLASS; RADICAL; PATTERN; BAB; MASDAR; DERIVATIVE; MORPHOSYNTAX; PARADIGM,,COMPOSITE,True,ORIGINAL_SURFACE NORMALIZED_SURFACE PROCLITIC_SLOTS ENCLITIC_SLOTS,SEGMENT_HOST WORD_CLASS_SLOT RADICAL_R1 RADICAL_R2 RADICAL_R3 RADICAL_R4 PATTERN_CANDIDATE_SET BAB_CANDIDATE_SET MASDAR_CANDIDATE_SET DERIVATIVE_CANDIDATE_SET NUMBER_SLOT GENDER_SLOT DEFINITENESS_SLOT LEMMA_SLOT PARADIGM_SLOT,DEFERRED,SEGMENTATION_NO_LEXICAL_HOST,SEGMENTATION_NO_LEXICAL_HOST,aff4967e4237889e5195476ff24b8322952e49a6932b57cc0966a7b6d17dd3d7,431b01aea5a82d2b,DEFER,
122,وَاتَّقُوا,وَاتْتَقُوا,وَ,اتَّقُوا,,FI3L,VERBAL_IMPERATIVE,WORD_CLASS_ACCEPTED,,DEFERRED,,,FORM_VIII,وا,WEAK_RADICAL_IN_AUGMENTED_ROOT:DEFER,defer:root:root_path_not_opened_by_pre_root; defer:wazn:no_hypothesis_built,اِفْتَعَلَ,,,PL,M,2,IMPERATIVE,NOT_APPLICABLE,ACTIVE,[],True,NUMBER_SLOT GENDER_SLOT,23,8,11,RADICAL; PATTERN; BAB; MASDAR; DERIVATIVE; PARADIGM,defer:root:root_path_not_opened_by_pre_root; defer:wazn:no_hypothesis_built,COMPOSITE,True,ORIGINAL_SURFACE NORMALIZED_SURFACE PROCLITIC_SLOTS SEGMENT_HOST PATH_DIRECTIVE_SLOT WORD_CLASS_SLOT NUMBER_SLOT GENDER_SLOT,RADICAL_R1 RADICAL_R2 RADICAL_R3 RADICAL_R4 PATTERN_CANDIDATE_SET BAB_CANDIDATE_SET MASDAR_CANDIDATE_SET DERIVATIVE_CANDIDATE_SET DEFINITENESS_SLOT LEMMA_SLOT PARADIGM_SLOT,DEFERRED,,REQUIRED_SLOT_EMPTY; gamma:REQUIRED_SLOT_EMPTY,41bc42e41ef8ec26f377898043237e76de14037daa48891bb5c8aaeddb0e9a37,abe411405d4b9551,DEFER,
123,اللَّهَ,ءَللْلَهَ,,اللَّهَ,,,,,WORD_CLASS_NOT_AVAILABLE,UNKNOWN,,,,,,,,,,,,,,,,[],False,,23,4,14,WORD_CLASS; RADICAL; PATTERN; BAB; MASDAR; DERIVATIVE; MORPHOSYNTAX; PARADIGM,,COMPOSITE,True,ORIGINAL_SURFACE NORMALIZED_SURFACE SEGMENT_HOST PATH_DIRECTIVE_SLOT,WORD_CLASS_SLOT RADICAL_R1 RADICAL_R2 RADICAL_R3 RADICAL_R4 PATTERN_CANDIDATE_SET BAB_CANDIDATE_SET MASDAR_CANDIDATE_SET DERIVATIVE_CANDIDATE_SET NUMBER_SLOT GENDER_SLOT DEFINITENESS_SLOT LEMMA_SLOT PARADIGM_SLOT,DEFERRED,,GATE_REQUIRED,15d782894820be29d969f05a824f491f3e297c6b697b0a7a07ffa38503a28a11,fd371b131dfdc413,ACCEPT,
124,وَيُعَلِّمُكُمُ,وَيُعَلْلِمُكُمُ,وَ,يُعَلِّمُ,كُمُ,FI3L,VERBAL_IMPERFECT,WORD_CLASS_ACCEPTED,,KNOWN,علم,,FORM_II,,AUGMENTED_ROOT_ACCEPTED,,FA33ALA,تَفْعِيل,,SG,M,3,IMPERFECT,INDICATIVE,ACTIVE,[],True,NUMBER_SLOT GENDER_SLOT,23,13,6,BAB; MASDAR; DERIVATIVE; PARADIGM,root_class_unknown,COMPOSITE,True,ORIGINAL_SURFACE NORMALIZED_SURFACE PROCLITIC_SLOTS SEGMENT_HOST ENCLITIC_SLOTS PATH_DIRECTIVE_SLOT WORD_CLASS_SLOT RADICAL_R1 RADICAL_R2 RADICAL_R3 PATTERN_CANDIDATE_SET NUMBER_SLOT GENDER_SLOT,BAB_CANDIDATE_SET MASDAR_CANDIDATE_SET DERIVATIVE_CANDIDATE_SET DEFINITENESS_SLOT LEMMA_SLOT PARADIGM_SLOT,LICENSED,,,077abef1deeee78a4c257182efb89ff33f8ed4cfdd41693e07081e11ce8c0a23,fed336d2f0d43910,ACCEPT,
125,اللَّهُ,ءَللْلَهُ,,اللَّهُ,,,,,WORD_CLASS_NOT_AVAILABLE,UNKNOWN,,,,,,,,,,,,,,,,[],False,,23,4,14,WORD_CLASS; RADICAL; PATTERN; BAB; MASDAR; DERIVATIVE; MORPHOSYNTAX; PARADIGM,,COMPOSITE,True,ORIGINAL_SURFACE NORMALIZED_SURFACE SEGMENT_HOST PATH_DIRECTIVE_SLOT,WORD_CLASS_SLOT RADICAL_R1 RADICAL_R2 RADICAL_R3 RADICAL_R4 PATTERN_CANDIDATE_SET BAB_CANDIDATE_SET MASDAR_CANDIDATE_SET DERIVATIVE_CANDIDATE_SET NUMBER_SLOT GENDER_SLOT DEFINITENESS_SLOT LEMMA_SLOT PARADIGM_SLOT,DEFERRED,,GATE_REQUIRED,4370643324d4a3626276ca753f8d3c26f509f7e4de2a1eccb153bc1885eb203a,9563c0d3e73cb8bc,ACCEPT,
126,وَاللَّهُ,وَاللْلَهُ,وَ,اللَّهُ,,,,,WORD_CLASS_NOT_AVAILABLE,UNKNOWN,,,,,,,,,,,,,,,,[],False,,23,5,14,WORD_CLASS; RADICAL; PATTERN; BAB; MASDAR; DERIVATIVE; MORPHOSYNTAX; PARADIGM,,COMPOSITE,True,ORIGINAL_SURFACE NORMALIZED_SURFACE PROCLITIC_SLOTS SEGMENT_HOST PATH_DIRECTIVE_SLOT,WORD_CLASS_SLOT RADICAL_R1 RADICAL_R2 RADICAL_R3 RADICAL_R4 PATTERN_CANDIDATE_SET BAB_CANDIDATE_SET MASDAR_CANDIDATE_SET DERIVATIVE_CANDIDATE_SET NUMBER_SLOT GENDER_SLOT DEFINITENESS_SLOT LEMMA_SLOT PARADIGM_SLOT,DEFERRED,,GATE_REQUIRED,2b79ca6976725bc87c476c3c128afccbad952652972ba345e4cb8227a6c51ed2,bc7ac08bb8aa39fa,ACCEPT,
127,بِكُلِّ,بِكُلْلِ,بِ,كُلِّ,,ISM,LEXICAL_NOUN,WORD_CLASS_ACCEPTED,WORD_CLASS_ACCEPTED,KNOWN,كلل,,FORM_I,,TRILATERAL_ROOT_ACCEPTED,defer:wazn:unlicensed_but_structural_augment,فَعَلَ,,,,,,,,,[],False,,23,9,9,PATTERN; BAB; MASDAR; DERIVATIVE; MORPHOSYNTAX; PARADIGM,defer:wazn:unlicensed_but_structural_augment,COMPOSITE,True,ORIGINAL_SURFACE NORMALIZED_SURFACE PROCLITIC_SLOTS SEGMENT_HOST PATH_DIRECTIVE_SLOT WORD_CLASS_SLOT RADICAL_R1 RADICAL_R2 RADICAL_R3,PATTERN_CANDIDATE_SET BAB_CANDIDATE_SET MASDAR_CANDIDATE_SET DERIVATIVE_CANDIDATE_SET NUMBER_SLOT GENDER_SLOT DEFINITENESS_SLOT LEMMA_SLOT PARADIGM_SLOT,LICENSED,,,4cbf78142485fa07cb518cbf3529ef9c5acc79aaee53264c9adea1b0319bb71e,2eb1e581122c363b,ACCEPT,
128,شَيْءٍ,شَيْءٍ,,شَيْءٍ,,ISM,LEXICAL_NOUN,WORD_CLASS_ACCEPTED,WORD_CLASS_ACCEPTED,KNOWN,شيء,,FORM_I,,TRILATERAL_ROOT_ACCEPTED,,FA3L,,,,,,,,,[],False,,23,9,8,BAB; MASDAR; DERIVATIVE; MORPHOSYNTAX; PARADIGM,defer:bab:nominal_morphology_path; non_verbal_wazn,COMPOSITE,True,ORIGINAL_SURFACE NORMALIZED_SURFACE SEGMENT_HOST PATH_DIRECTIVE_SLOT WORD_CLASS_SLOT RADICAL_R1 RADICAL_R2 RADICAL_R3 PATTERN_CANDIDATE_SET,BAB_CANDIDATE_SET MASDAR_CANDIDATE_SET DERIVATIVE_CANDIDATE_SET NUMBER_SLOT GENDER_SLOT DEFINITENESS_SLOT LEMMA_SLOT PARADIGM_SLOT,LICENSED,,,47234996d067cf20f0fb8e14f3c340be7f95bf4d0d569051cb1439dc5a9dd352,8b992fa2f58f13b7,ACCEPT,
129,عَلِيمٌ,عَلِيمٌ,,عَلِيمٌ,,ISM,LEXICAL_NOUN,WORD_CLASS_ACCEPTED,WORD_CLASS_ACCEPTED,DEFERRED,,,,,defer:root:quadriliteral_beyond_scope,defer:root:quadriliteral_beyond_scope; defer:wazn:no_hypothesis_built,,,,,,,,,,[],False,,23,5,13,RADICAL; PATTERN; BAB; MASDAR; DERIVATIVE; MORPHOSYNTAX; PARADIGM,defer:root:quadriliteral_beyond_scope; defer:wazn:no_hypothesis_built,COMPOSITE,True,ORIGINAL_SURFACE NORMALIZED_SURFACE SEGMENT_HOST PATH_DIRECTIVE_SLOT WORD_CLASS_SLOT,RADICAL_R1 RADICAL_R2 RADICAL_R3 RADICAL_R4 PATTERN_CANDIDATE_SET BAB_CANDIDATE_SET MASDAR_CANDIDATE_SET DERIVATIVE_CANDIDATE_SET NUMBER_SLOT GENDER_SLOT DEFINITENESS_SLOT LEMMA_SLOT PARADIGM_SLOT,LICENSED,,,13eea1fa2d4051d2a90ce968d3c989cbf80d2e9833839851e234c5dba8690332,269fb8fd45bb5f34,ACCEPT,
